CHR	POS	SNARL	TYPE	REF	ALT	P_Fisher	P_Chi2	GROUP_1_PATH_1	GROUP_1_PATH_2	GROUP_2_PATH_1	GROUP_2_PATH_2
NA	NA	5_2	NA	NA	NA	8.1651e-01	7.1336e-01	21	22	17	15
NA	NA	9_1	NA	NA	NA	1.9998e-01	1.5880e-01	157	43	168	32
NA	NA	12_9	NA	NA	NA	1.1993e-01	9.2410e-02	30	170	43	157
NA	NA	18_15	NA	NA	NA	1.7779e-01	1.5690e-01	55	100	41	51
NA	NA	22_14	NA	NA	NA	1.1376e-10	9.0808e-11	45	155	108	92
NA	NA	25_22	NA	NA	NA	9.0812e-01	8.1736e-01	149	51	151	49
NA	NA	31_28	NA	NA	NA	7.5674e-01	6.7952e-01	73	127	77	123
NA	NA	41_38	NA	NA	NA	6.5849e-27	-3.5527e-15	186	8	95	96
NA	NA	48_45	NA	NA	NA	5.3266e-01	4.6657e-01	131	69	124	76
NA	NA	57_54	NA	NA	NA	6.9641e-01	6.0266e-01	166	34	162	38
NA	NA	60_57	NA	NA	NA	6.3941e-01	4.8069e-01	189	11	192	8
NA	NA	63_60	NA	NA	NA	6.6101e-01	5.5837e-01	25	175	29	171
NA	NA	69_66	NA	NA	NA	1.0000e+00	8.4710e-01	186	14	185	15
NA	NA	75_72	NA	NA	NA	4.9555e-02	3.8867e-02	65	135	85	115
NA	NA	80_77	NA	NA	NA	1.6130e-01	1.3349e-01	90	110	105	95
NA	NA	83_80	NA	NA	NA	2.4011e-04	1.6890e-04	165	35	189	11
NA	NA	86_83	NA	NA	NA	3.7243e-03	2.4969e-03	35	165	15	185
NA	NA	98_95	NA	NA	NA	1.0000e+00	N/A	167	0	178	0
NA	NA	101_98	NA	NA	NA	2.7801e-03	2.5581e-03	77	90	54	124
NA	NA	105_102	NA	NA	NA	8.5424e-02	6.2961e-02	165	35	178	22
NA	NA	111_108	NA	NA	NA	8.9378e-02	6.9067e-02	164	36	149	51
NA	NA	117_114	NA	NA	NA	6.5591e-01	5.5204e-01	28	172	24	176
NA	NA	121_118	NA	NA	NA	7.1264e-01	6.6980e-01	17	146	15	151
NA	NA	122_117	NA	NA	NA	7.9369e-01	6.9463e-01	37	163	34	166
NA	NA	125_122	NA	NA	NA	4.0398e-01	3.4776e-01	124	76	133	67
NA	NA	129_126	NA	NA	NA	7.5282e-01	6.6958e-01	83	30	76	24
NA	NA	133_130	NA	NA	NA	2.7331e-01	2.2358e-01	38	162	48	152
NA	NA	142_139	NA	NA	NA	7.2555e-01	6.3958e-01	154	46	150	50
NA	NA	145_142	NA	NA	NA	5.3952e-01	4.6140e-01	155	45	161	39
NA	NA	148_145	NA	NA	NA	1.0000e+00	9.1059e-01	145	55	146	54
NA	NA	151_148	NA	NA	NA	3.0888e-01	2.6300e-01	124	76	113	87
NA	NA	161_158	NA	NA	NA	5.5985e-02	4.2603e-02	146	54	163	37
NA	NA	165_162	NA	NA	NA	3.4611e-02	3.0595e-02	19	131	34	120
NA	NA	168_165	NA	NA	NA	2.9670e-01	2.7793e-01	92	58	85	69
NA	NA	172_161	NA	NA	NA	7.2555e-01	6.3958e-01	50	150	46	154
NA	NA	175_172	NA	NA	NA	4.8993e-01	4.0713e-01	28	172	34	166
NA	NA	187_184	NA	NA	NA	7.4885e-01	6.6937e-01	67	133	63	137
NA	NA	190_187	NA	NA	NA	5.2715e-01	4.2883e-01	20	180	25	175
NA	NA	195_193	NA	NA	NA	1.0000e+00	1.0000e+00	14	186	14	186
NA	NA	198_195	NA	NA	NA	1.0000e+00	8.5579e-01	17	183	16	184
NA	NA	200_198	NA	NA	NA	6.0833e-01	5.3851e-01	81	119	75	125
NA	NA	211_208	NA	NA	NA	4.1553e-01	2.7648e-01	9	191	5	195
NA	NA	214_211	NA	NA	NA	1.0000e+00	9.2030e-01	96	104	97	103
NA	NA	217_214	NA	NA	NA	1.0000e+00	9.0098e-01	41	159	40	160
NA	NA	220_217	NA	NA	NA	1.2406e-01	8.2108e-02	3	197	0	200
NA	NA	225_222	NA	NA	NA	2.6315e-01	2.0111e-01	174	26	182	18
NA	NA	231_228	NA	NA	NA	6.1711e-01	5.4849e-01	104	96	98	102
NA	NA	234_231	NA	NA	NA	9.1654e-01	8.3394e-01	71	129	69	131
NA	NA	102_88	NA	NA	NA	1.4603e-01	1.1024e-01	33	167	22	178
NA	NA	237_234	NA	NA	NA	8.9965e-01	8.0073e-01	40	160	38	162
NA	NA	240_237	NA	NA	NA	4.8997e-01	4.2046e-01	153	47	146	54
NA	NA	244_241	NA	NA	NA	5.6171e-01	4.8014e-01	25	174	30	170
NA	NA	245_240	NA	NA	NA	1.0000e+00	3.1670e-01	1	199	0	200
NA	NA	258_255	NA	NA	NA	9.1605e-03	4.8647e-03	16	7	22	0
NA	NA	261_258	NA	NA	NA	5.3021e-01	3.9896e-01	14	9	16	6
NA	NA	262_251	NA	NA	NA	1.0000e+00	8.7427e-01	177	23	178	22
NA	NA	267_265	NA	NA	NA	1.4217e-17	-1.9984e-15	145	55	60	140
NA	NA	273_270	NA	NA	NA	1.0000e+00	8.9589e-01	35	165	36	164
NA	NA	278_276	NA	NA	NA	1.1356e-01	9.0204e-02	154	46	139	61
NA	NA	287_284	NA	NA	NA	1.0000e+00	1.0000e+00	121	79	121	79
NA	NA	290_287	NA	NA	NA	1.0520e-01	8.5288e-02	124	76	107	93
NA	NA	292_290	NA	NA	NA	5.8177e-01	5.0852e-01	61	139	55	145
NA	NA	296_293	NA	NA	NA	1.5324e-01	1.3324e-01	18	100	9	95
NA	NA	299_296	NA	NA	NA	3.1103e-01	2.8459e-01	92	26	87	17
NA	NA	284_281	NA	NA	NA	3.1143e-01	2.6551e-01	121	79	110	90
NA	NA	302_299	NA	NA	NA	1.2127e-03	1.5268e-03	102	16	102	2
NA	NA	305_302	NA	NA	NA	5.0686e-01	4.0687e-01	112	6	101	3
NA	NA	313_310	NA	NA	NA	6.2774e-01	5.6114e-01	52	28	65	29
NA	NA	322_319	NA	NA	NA	2.5056e-01	2.2996e-01	28	52	25	69
NA	NA	326_309	NA	NA	NA	1.8975e-01	1.5796e-01	120	80	106	94
NA	NA	329_326	NA	NA	NA	1.7930e-01	1.4820e-01	118	82	132	68
NA	NA	333_330	NA	NA	NA	6.0839e-01	4.6421e-01	6	2	4	3
NA	NA	334_329	NA	NA	NA	1.0000e+00	7.9241e-01	192	8	193	7
NA	NA	349_344	NA	NA	NA	5.9504e-01	5.2347e-01	69	131	63	137
NA	NA	358_355	NA	NA	NA	5.8095e-01	4.6099e-01	14	186	18	182
NA	NA	370_367	NA	NA	NA	4.6976e-01	4.0867e-01	79	121	71	129
NA	NA	374_371	NA	NA	NA	5.4356e-01	5.3773e-01	93	5	188	7
NA	NA	375_370	NA	NA	NA	1.3007e-31	1.9984e-15	102	98	5	195
NA	NA	380_377	NA	NA	NA	9.1355e-01	8.2805e-01	62	138	60	140
NA	NA	383_380	NA	NA	NA	1.0000e+00	9.0506e-01	45	155	46	154
NA	NA	386_383	NA	NA	NA	2.0687e-01	1.6864e-01	155	45	143	57
NA	NA	392_389	NA	NA	NA	7.8387e-01	6.8050e-01	30	170	33	167
NA	NA	339_336	NA	NA	NA	1.0000e+00	9.1972e-01	87	113	88	112
NA	NA	395_392	NA	NA	NA	1.0000e+00	1.0000e+00	171	29	171	29
NA	NA	251_248	NA	NA	NA	1.0000e+00	8.7427e-01	22	178	23	177
NA	NA	401_398	NA	NA	NA	2.4459e-02	1.8361e-02	44	156	65	135
NA	NA	404_401	NA	NA	NA	6.1499e-01	5.4607e-01	86	114	92	108
NA	NA	407_404	NA	NA	NA	1.0451e-02	7.8304e-03	66	134	92	108
NA	NA	410_407	NA	NA	NA	6.1600e-01	5.4722e-01	111	89	105	95
NA	NA	413_410	NA	NA	NA	1.0000e+00	9.1740e-01	126	74	127	73
NA	NA	417_414	NA	NA	NA	5.7919e-01	5.6331e-01	91	36	101	34
NA	NA	418_413	NA	NA	NA	4.6163e-01	4.0009e-01	73	127	65	135
NA	NA	421_418	NA	NA	NA	7.6283e-01	6.8736e-01	91	109	87	113
NA	NA	425_422	NA	NA	NA	4.2472e-01	4.0120e-01	13	57	18	56
NA	NA	426_421	NA	NA	NA	7.5472e-01	6.7692e-01	130	70	126	74
NA	NA	435_432	NA	NA	NA	2.4954e-12	2.8891e-12	108	92	172	28
NA	NA	438_435	NA	NA	NA	4.8319e-01	4.2287e-01	110	90	102	98
NA	NA	445_442	NA	NA	NA	1.0000e+00	7.0297e-01	3	197	4	196
NA	NA	452_449	NA	NA	NA	8.6624e-01	8.3432e-01	95	21	102	21
NA	NA	455_452	NA	NA	NA	4.6686e-01	3.9444e-01	7	109	11	112
NA	NA	460_457	NA	NA	NA	6.7535e-01	6.0749e-01	90	99	80	98
NA	NA	468_465	NA	NA	NA	7.5175e-03	4.6434e-03	11	34	3	55
NA	NA	471_468	NA	NA	NA	6.8902e-01	6.5900e-01	19	26	22	36
NA	NA	474_471	NA	NA	NA	3.5741e-01	2.7655e-01	38	7	53	5
NA	NA	477_474	NA	NA	NA	6.7663e-01	5.8811e-01	31	14	37	21
NA	NA	480_477	NA	NA	NA	7.2797e-01	5.1204e-01	42	3	52	6
NA	NA	483_480	NA	NA	NA	2.9197e-01	2.2789e-01	33	12	36	22
NA	NA	487_464	NA	NA	NA	1.6983e-01	1.3714e-01	155	45	142	58
NA	NA	491_488	NA	NA	NA	2.0976e-01	1.8038e-01	75	117	84	99
NA	NA	497_494	NA	NA	NA	1.0000e+00	9.5273e-01	189	3	180	3
NA	NA	498_487	NA	NA	NA	9.6732e-02	6.3023e-02	8	192	17	183
NA	NA	501_498	NA	NA	NA	8.0699e-01	7.1386e-01	159	41	156	44
NA	NA	511_508	NA	NA	NA	1.0000e+00	8.6952e-01	2	1	10	4
NA	NA	512_501	NA	NA	NA	1.0968e-02	6.4018e-03	197	3	186	14
NA	NA	522_519	NA	NA	NA	2.7242e-02	2.1083e-02	81	119	104	96
NA	NA	532_529	NA	NA	NA	6.8947e-04	4.7390e-04	150	50	177	23
NA	NA	535_532	NA	NA	NA	5.4157e-01	4.7628e-01	122	78	115	85
NA	NA	228_225	NA	NA	NA	5.2198e-02	3.3923e-02	180	20	191	9
NA	NA	538_535	NA	NA	NA	1.1235e-01	8.3778e-02	166	34	178	22
NA	NA	276_273	NA	NA	NA	5.9210e-01	5.2015e-01	67	133	61	139
NA	NA	544_541	NA	NA	NA	8.7043e-02	4.8406e-02	10	190	3	197
NA	NA	547_544	NA	NA	NA	3.0043e-01	2.2704e-01	178	22	185	15
NA	NA	548_528	NA	NA	NA	1.0000e+00	N/A	0	200	0	200
NA	NA	554_551	NA	NA	NA	5.8723e-01	5.1466e-01	58	142	64	136
NA	NA	557_554	NA	NA	NA	1.5811e-02	1.0819e-02	34	166	17	183
NA	NA	562_557	NA	NA	NA	1.0000e+00	1.0000e+00	30	170	30	170
NA	NA	565_562	NA	NA	NA	1.2739e-13	1.2268e-13	154	46	81	119
NA	NA	572_569	NA	NA	NA	5.8890e-01	5.1831e-01	36	9	40	7
NA	NA	581_578	NA	NA	NA	4.4523e-01	3.7928e-01	34	11	39	8
NA	NA	585_582	NA	NA	NA	1.4293e-26	-1.7764e-15	139	61	35	165
NA	NA	598_595	NA	NA	NA	5.0412e-01	4.0863e-01	18	52	9	38
NA	NA	604_601	NA	NA	NA	6.9972e-01	5.6809e-01	41	29	30	17
NA	NA	607_604	NA	NA	NA	4.3724e-01	3.6543e-01	46	24	27	20
NA	NA	610_607	NA	NA	NA	3.6312e-02	3.3034e-02	48	22	23	24
NA	NA	616_613	NA	NA	NA	3.4764e-01	2.8796e-01	54	16	40	7
NA	NA	620_588	NA	NA	NA	1.5411e-02	1.1472e-02	130	70	153	47
NA	NA	623_620	NA	NA	NA	2.6955e-05	1.8717e-05	165	35	127	73
NA	NA	636_633	NA	NA	NA	3.4727e-01	2.9184e-01	3	5	2	10
NA	NA	637_623	NA	NA	NA	4.9228e-01	3.5880e-01	192	8	188	12
NA	NA	171_168	NA	NA	NA	2.4046e-01	2.1435e-01	64	86	55	99
NA	NA	641_638	NA	NA	NA	5.6118e-02	4.2630e-02	4	69	11	58
NA	NA	644_641	NA	NA	NA	6.6539e-02	5.9941e-02	57	16	44	25
NA	NA	647_644	NA	NA	NA	4.9108e-01	4.3861e-01	43	30	45	24
NA	NA	653_650	NA	NA	NA	5.8973e-01	5.5647e-01	52	21	46	23
NA	NA	657_654	NA	NA	NA	1.1694e-05	8.2105e-06	71	129	32	168
NA	NA	660_657	NA	NA	NA	4.8398e-01	4.2371e-01	104	96	96	104
NA	NA	666_663	NA	NA	NA	1.1510e-02	8.5051e-03	71	129	47	153
NA	NA	669_666	NA	NA	NA	1.0000e+00	5.6223e-01	199	1	198	2
NA	NA	578_575	NA	NA	NA	1.0000e+00	9.5607e-01	42	3	44	3
NA	NA	676_673	NA	NA	NA	5.9009e-01	5.2864e-01	106	71	118	69
NA	NA	682_679	NA	NA	NA	7.7167e-01	6.2377e-01	172	5	180	7
NA	NA	688_685	NA	NA	NA	1.8126e-01	1.7287e-01	28	149	40	147
NA	NA	691_688	NA	NA	NA	1.5019e-06	1.5775e-06	118	59	164	23
NA	NA	695_692	NA	NA	NA	1.0000e+00	9.1844e-01	79	121	78	122
NA	NA	14_12	NA	NA	NA	6.1560e-01	5.3003e-01	42	158	37	163
NA	NA	519_516	NA	NA	NA	8.6484e-01	7.3307e-01	182	18	180	20
NA	NA	698_695	NA	NA	NA	1.0000e+00	1.0000e+00	192	8	192	8
NA	NA	701_698	NA	NA	NA	7.1038e-01	6.2031e-01	157	43	161	39
NA	NA	704_701	NA	NA	NA	2.2381e-05	1.5925e-05	141	59	176	24
NA	NA	711_708	NA	NA	NA	3.4828e-01	2.6587e-01	126	3	142	1
NA	NA	707_704	NA	NA	NA	8.6484e-01	7.3307e-01	180	20	182	18
NA	NA	714_711	NA	NA	NA	5.7611e-01	5.2807e-01	99	30	105	38
NA	NA	730_727	NA	NA	NA	7.7815e-01	6.7229e-01	31	169	28	172
NA	NA	130_125	NA	NA	NA	2.2911e-01	1.9266e-01	87	113	100	100
NA	NA	733_730	NA	NA	NA	7.5158e-01	6.7288e-01	134	66	130	70
NA	NA	736_733	NA	NA	NA	6.8615e-06	5.5157e-06	13	187	45	155
NA	NA	741_736	NA	NA	NA	5.3591e-01	4.5741e-01	44	156	38	162
NA	NA	743_741	NA	NA	NA	1.0000e+00	7.0297e-01	4	196	3	197
NA	NA	561_558	NA	NA	NA	1.0000e+00	9.0793e-01	114	56	115	55
NA	NA	749_746	NA	NA	NA	6.7166e-02	6.4838e-02	182	18	170	30
NA	NA	753_750	NA	NA	NA	7.3738e-03	5.4029e-03	24	24	42	13
NA	NA	757_749	NA	NA	NA	4.9276e-01	4.2345e-01	152	48	145	55
NA	NA	429_426	NA	NA	NA	2.1944e-01	1.7261e-01	37	163	27	173
NA	NA	772_769	NA	NA	NA	7.2117e-01	6.5660e-01	81	69	77	59
NA	NA	780_777	NA	NA	NA	5.9874e-01	5.2753e-01	21	65	23	57
NA	NA	783_780	NA	NA	NA	4.8469e-01	3.7981e-01	77	9	68	12
NA	NA	786_783	NA	NA	NA	6.2550e-01	6.1919e-01	30	56	25	55
NA	NA	790_773	NA	NA	NA	6.1195e-01	5.4262e-01	114	86	120	80
NA	NA	793_790	NA	NA	NA	8.9294e-01	7.8761e-01	32	168	34	166
NA	NA	802_799	NA	NA	NA	1.0000e+00	1.0000e+00	8	192	8	192
NA	NA	805_802	NA	NA	NA	4.9331e-02	3.7667e-02	41	159	59	141
NA	NA	807_805	NA	NA	NA	1.0000e+00	1.0000e+00	177	23	177	23
NA	NA	812_810	NA	NA	NA	5.3360e-02	3.6032e-02	12	188	24	176
NA	NA	815_812	NA	NA	NA	6.2798e-01	5.4452e-01	46	154	41	159
NA	NA	541_538	NA	NA	NA	1.0000e+00	5.6223e-01	199	1	198	2
NA	NA	821_818	NA	NA	NA	6.8814e-01	6.1580e-01	106	94	111	89
NA	NA	824_821	NA	NA	NA	9.1889e-01	8.3858e-01	118	82	120	80
NA	NA	830_827	NA	NA	NA	1.4504e-01	1.0192e-01	179	21	188	12
NA	NA	309_306	NA	NA	NA	1.7258e-20	3.8858e-15	14	186	94	106
NA	NA	836_833	NA	NA	NA	1.0000e+00	8.9083e-01	169	31	168	32
NA	NA	839_836	NA	NA	NA	6.6883e-01	5.9276e-01	133	67	138	62
NA	NA	842_839	NA	NA	NA	6.4634e-02	5.0608e-02	52	148	70	130
NA	NA	845_842	NA	NA	NA	1.0000e+00	8.4203e-01	13	187	14	186
NA	NA	853_850	NA	NA	NA	8.4107e-01	7.6353e-01	109	91	106	94
NA	NA	859_856	NA	NA	NA	5.4541e-01	4.8048e-01	109	91	116	84
NA	NA	862_859	NA	NA	NA	4.7307e-01	4.1216e-01	118	82	126	74
NA	NA	869_866	NA	NA	NA	7.6972e-01	5.8947e-01	135	7	133	5
NA	NA	872_869	NA	NA	NA	1.0000e+00	9.6330e-01	137	5	133	5
NA	NA	878_875	NA	NA	NA	1.0000e+00	3.2336e-01	141	1	138	0
NA	NA	881_878	NA	NA	NA	8.8893e-03	7.0806e-03	24	118	9	129
NA	NA	882_862	NA	NA	NA	7.4350e-01	6.6252e-01	58	142	62	138
NA	NA	885_882	NA	NA	NA	5.4488e-01	4.7990e-01	83	117	90	110
NA	NA	66_63	NA	NA	NA	6.1536e-01	5.4649e-01	93	107	87	113
NA	NA	889_886	NA	NA	NA	5.5081e-01	4.9166e-01	52	95	60	93
NA	NA	894_891	NA	NA	NA	4.3754e-01	3.2093e-01	41	11	44	7
NA	NA	897_894	NA	NA	NA	1.0000e+00	9.0355e-01	31	21	31	20
NA	NA	316_313	NA	NA	NA	6.3272e-01	5.3333e-01	30	50	31	63
NA	NA	903_900	NA	NA	NA	6.9376e-01	6.2772e-01	30	22	27	24
NA	NA	904_890	NA	NA	NA	1.0000e+00	9.0896e-01	148	52	149	51
NA	NA	907_904	NA	NA	NA	7.9586e-01	6.9776e-01	38	162	35	165
NA	NA	917_914	NA	NA	NA	1.0000e+00	9.8619e-01	12	57	14	67
NA	NA	918_913	NA	NA	NA	2.5589e-01	2.1521e-01	131	69	119	81
NA	NA	921_918	NA	NA	NA	4.2968e-02	3.2871e-02	136	64	155	45
NA	NA	931_929	NA	NA	NA	9.2004e-01	8.4084e-01	92	108	90	110
NA	NA	942_939	NA	NA	NA	3.1463e-01	2.6868e-01	95	105	84	116
NA	NA	951_948	NA	NA	NA	8.2924e-01	7.4623e-01	136	64	139	61
NA	NA	954_951	NA	NA	NA	8.1684e-01	7.2816e-01	152	48	149	51
NA	NA	960_957	NA	NA	NA	3.4547e-01	2.9451e-01	135	65	125	75
NA	NA	962_960	NA	NA	NA	2.5125e-01	2.0247e-01	43	157	33	167
NA	NA	965_962	NA	NA	NA	1.0000e+00	3.1670e-01	1	199	0	200
NA	NA	968_965	NA	NA	NA	5.8366e-01	5.1065e-01	138	62	144	56
NA	NA	976_973	NA	NA	NA	1.0000e+00	1.0000e+00	112	88	112	88
NA	NA	516_514	NA	NA	NA	1.0000e+00	8.9219e-01	167	33	168	32
NA	NA	979_976	NA	NA	NA	6.1755e-01	5.0499e-01	22	178	18	182
NA	NA	982_979	NA	NA	NA	5.3491e-01	4.3754e-01	21	179	26	174
NA	NA	998_995	NA	NA	NA	3.7020e-02	2.8281e-02	76	40	85	23
NA	NA	999_985	NA	NA	NA	4.8080e-01	4.2034e-01	84	116	92	108
NA	NA	833_830	NA	NA	NA	3.7026e-01	2.8205e-01	180	20	186	14
NA	NA	1004_1001	NA	NA	NA	1.0000e+00	1.0000e+00	25	175	25	175
NA	NA	1007_1004	NA	NA	NA	8.6157e-01	7.2677e-01	19	181	17	183
NA	NA	1011_1008	NA	NA	NA	5.2997e-01	4.5866e-01	4	119	6	110
NA	NA	1018_1007	NA	NA	NA	5.4077e-01	4.7541e-01	77	123	84	116
NA	NA	1021_1018	NA	NA	NA	8.3661e-01	7.5699e-01	126	74	123	77
NA	NA	1034_1031	NA	NA	NA	3.1002e-01	2.6900e-01	87	32	71	36
NA	NA	1037_1034	NA	NA	NA	4.0772e-01	3.7870e-01	79	40	65	42
NA	NA	1056_1053	NA	NA	NA	8.7876e-02	8.2621e-02	74	54	92	100
NA	NA	1057_1052	NA	NA	NA	9.3787e-17	7.7716e-16	72	128	8	192
NA	NA	1067_1059	NA	NA	NA	8.9762e-01	7.9677e-01	38	162	36	164
NA	NA	1070_1067	NA	NA	NA	6.1062e-01	5.4111e-01	122	78	116	84
NA	NA	1073_1070	NA	NA	NA	9.0197e-02	6.8451e-02	43	157	29	171
NA	NA	679_676	NA	NA	NA	5.3055e-01	5.1009e-01	42	135	39	148
NA	NA	1075_1073	NA	NA	NA	5.8723e-01	5.1466e-01	142	58	136	64
NA	NA	1078_1075	NA	NA	NA	1.0000e+00	1.0000e+00	96	104	96	104
NA	NA	1081_1078	NA	NA	NA	2.2963e-01	1.9315e-01	89	111	102	98
NA	NA	1083_1081	NA	NA	NA	8.3256e-01	7.5108e-01	69	131	66	134
NA	NA	1086_1083	NA	NA	NA	1.0000e+00	N/A	0	200	0	200
NA	NA	1089_1086	NA	NA	NA	2.2707e-01	1.4786e-01	194	6	188	12
NA	NA	1093_1090	NA	NA	NA	4.2027e-01	3.7739e-01	50	13	114	21
NA	NA	1094_1089	NA	NA	NA	7.1251e-13	6.0163e-13	137	63	65	135
NA	NA	1101_1098	NA	NA	NA	8.4908e-01	7.1537e-01	19	47	19	54
NA	NA	1102_1094	NA	NA	NA	5.2876e-01	4.6233e-01	134	66	127	73
NA	NA	1105_1102	NA	NA	NA	5.1378e-01	4.4608e-01	64	136	57	143
NA	NA	1111_1108	NA	NA	NA	4.8527e-02	3.4294e-02	168	32	182	18
NA	NA	1114_1111	NA	NA	NA	4.7501e-01	4.1422e-01	84	116	76	124
NA	NA	1118_1115	NA	NA	NA	1.0000e+00	9.0814e-01	26	54	30	60
NA	NA	1119_1114	NA	NA	NA	3.6269e-01	3.1180e-01	120	80	110	90
NA	NA	1123_1121	NA	NA	NA	3.2169e-01	2.1523e-01	6	194	11	189
NA	NA	1130_1127	NA	NA	NA	1.0000e+00	7.8186e-01	84	5	62	3
NA	NA	1133_1130	NA	NA	NA	5.1244e-01	4.2123e-01	51	38	33	32
NA	NA	613_610	NA	NA	NA	1.3037e-04	9.6805e-05	28	42	36	11
NA	NA	1136_1134	NA	NA	NA	6.5049e-01	5.4535e-01	173	27	177	23
NA	NA	1139_1136	NA	NA	NA	6.1706e-01	5.4843e-01	95	105	101	99
NA	NA	1142_1139	NA	NA	NA	1.0000e+00	7.7797e-01	194	6	193	7
NA	NA	1144_1142	NA	NA	NA	7.3644e-01	6.1309e-01	18	182	21	179
NA	NA	1159_1156	NA	NA	NA	7.2738e-01	6.4192e-01	47	153	51	149
NA	NA	54_52	NA	NA	NA	1.0000e+00	1.0000e+00	198	2	198	2
NA	NA	2760_2757	NA	NA	NA	8.8491e-01	8.4424e-01	51	43	54	43
NA	NA	1691_1688	NA	NA	NA	9.6392e-02	7.6360e-02	65	135	49	151
NA	NA	2769_2766	NA	NA	NA	7.7291e-01	7.1832e-01	46	48	50	47
NA	NA	627_624	NA	NA	NA	3.5635e-01	2.5083e-01	4	4	9	3
NA	NA	799_796	NA	NA	NA	6.1697e-01	5.4833e-01	94	106	100	100
NA	NA	2772_2769	NA	NA	NA	1.0000e+00	9.1709e-01	40	54	42	55
NA	NA	575_572	NA	NA	NA	1.0000e+00	9.3389e-01	14	31	15	32
NA	NA	945_942	NA	NA	NA	3.5732e-01	3.0640e-01	126	74	116	84
NA	NA	3008_3005	NA	NA	NA	7.2124e-02	5.5392e-02	37	163	53	147
NA	NA	3691_3688	NA	NA	NA	1.0000e+00	9.0353e-01	156	44	157	43
NA	NA	248_245	NA	NA	NA	8.8801e-02	5.3665e-02	5	195	13	187
NA	NA	2180_2177	NA	NA	NA	4.4690e-01	4.1412e-01	57	16	52	20
NA	NA	4196_4193	NA	NA	NA	2.9559e-02	2.1217e-02	176	24	159	41
NA	NA	2810_2807	NA	NA	NA	1.0000e+00	9.3798e-01	131	26	129	25
NA	NA	2813_2810	NA	NA	NA	8.2072e-01	7.7202e-01	80	77	81	73
NA	NA	2816_2813	NA	NA	NA	9.0502e-01	8.1429e-01	55	102	52	102
NA	NA	4199_4196	NA	NA	NA	5.2823e-01	4.4893e-01	36	164	42	158
NA	NA	2590_2588	NA	NA	NA	7.7505e-01	6.6784e-01	30	170	27	173
NA	NA	2218_2215	NA	NA	NA	3.4707e-03	2.5283e-03	0	18	8	12
NA	NA	2817_2797	NA	NA	NA	8.1010e-01	7.1837e-01	43	157	46	154
NA	NA	551_548	NA	NA	NA	3.0885e-17	2.4425e-15	52	148	136	64
NA	NA	3729_3726	NA	NA	NA	4.2968e-02	3.2871e-02	155	45	136	64
NA	NA	2093_2090	NA	NA	NA	7.6828e-01	6.5818e-01	25	175	28	172
NA	NA	2842_2839	NA	NA	NA	8.0162e-01	7.1215e-01	99	47	104	45
NA	NA	21_18	NA	NA	NA	5.1008e-01	4.8225e-01	88	67	48	44
NA	NA	1681_1678	NA	NA	NA	6.9142e-01	6.5636e-01	40	88	44	86
NA	NA	2221_2218	NA	NA	NA	1.0000e+00	8.8012e-01	13	5	14	6
NA	NA	2855_2852	NA	NA	NA	5.3119e-02	2.9517e-02	197	3	189	11
NA	NA	3782_3779	NA	NA	NA	7.3702e-01	6.5422e-01	147	53	143	57
NA	NA	924_921	NA	NA	NA	9.0812e-01	8.1736e-01	49	151	51	149
NA	NA	1740_1737	NA	NA	NA	1.0000e+00	8.6615e-01	181	19	180	20
NA	NA	1156_1153	NA	NA	NA	3.8604e-01	3.2177e-01	45	155	37	163
NA	NA	2862_2859	NA	NA	NA	3.5104e-01	3.1322e-01	23	37	20	47
NA	NA	2878_2875	NA	NA	NA	4.1882e-01	3.6303e-01	81	119	90	110
NA	NA	3969_3966	NA	NA	NA	2.8667e-01	2.4122e-01	60	140	71	129
NA	NA	2900_2897	NA	NA	NA	8.4064e-01	7.6291e-01	88	112	91	109
NA	NA	1515_1512	NA	NA	NA	1.5690e-01	1.3203e-01	149	19	136	28
NA	NA	2903_2900	NA	NA	NA	1.0000e+00	8.5579e-01	184	16	183	17
NA	NA	2434_2431	NA	NA	NA	1.0000e+00	9.2030e-01	97	103	96	104
NA	NA	2922_2920	NA	NA	NA	8.4980e-01	7.0420e-01	16	184	14	186
NA	NA	1121_1119	NA	NA	NA	3.0793e-01	2.6206e-01	125	75	114	86
NA	NA	2934_2931	NA	NA	NA	6.8405e-01	6.1090e-01	116	84	121	79
NA	NA	2941_2938	NA	NA	NA	3.3326e-01	3.1292e-01	93	11	107	19
NA	NA	2942_2937	NA	NA	NA	3.3526e-02	2.6069e-02	96	104	74	126
NA	NA	2947_2942	NA	NA	NA	3.6991e-01	3.6435e-01	178	22	172	28
NA	NA	2951_2948	NA	NA	NA	3.0022e-01	2.5817e-01	70	10	77	6
NA	NA	1244_1241	NA	NA	NA	6.5170e-01	4.5197e-01	4	3	6	9
NA	NA	2954_2951	NA	NA	NA	8.4107e-02	7.4004e-02	39	41	52	31
NA	NA	1461_1459	NA	NA	NA	6.0115e-01	5.8635e-01	192	8	194	6
NA	NA	2738_2735	NA	NA	NA	9.1798e-01	8.3677e-01	77	123	75	125
NA	NA	2889_2886	NA	NA	NA	1.0000e+00	1.0000e+00	190	10	190	10
NA	NA	1150_1147	NA	NA	NA	1.8094e-20	2.3315e-15	198	2	134	66
NA	NA	2971_2968	NA	NA	NA	2.6430e-05	2.7015e-05	53	139	20	168
NA	NA	2090_2087	NA	NA	NA	1.0000e+00	9.1691e-01	71	129	72	128
NA	NA	1254_1251	NA	NA	NA	8.4146e-01	7.6411e-01	104	96	101	99
NA	NA	2977_2974	NA	NA	NA	1.0000e+00	9.9483e-01	99	93	97	91
NA	NA	8_5	NA	NA	NA	5.7479e-01	5.0370e-01	35	8	24	8
NA	NA	827_824	NA	NA	NA	6.8876e-01	6.1654e-01	97	103	92	108
NA	NA	2980_2977	NA	NA	NA	1.0544e-01	8.7620e-02	165	27	172	16
NA	NA	2986_2983	NA	NA	NA	6.1218e-15	3.6970e-14	112	80	173	15
NA	NA	4236_4233	NA	NA	NA	3.7080e-01	3.1082e-01	149	1	146	3
NA	NA	3014_3011	NA	NA	NA	5.8891e-01	5.1656e-01	141	59	135	65
NA	NA	3317_3314	NA	NA	NA	4.4508e-01	3.8273e-01	144	56	136	64
NA	NA	1220_1217	NA	NA	NA	7.1957e-01	6.3198e-01	47	153	43	157
NA	NA	1796_1793	NA	NA	NA	8.2562e-03	7.0580e-03	32	12	17	22
NA	NA	2913_2910	NA	NA	NA	3.4193e-01	3.0060e-01	138	53	140	42
NA	NA	3602_3599	NA	NA	NA	8.7979e-02	7.0951e-02	83	117	101	99
NA	NA	2344_2341	NA	NA	NA	1.7688e-02	1.3426e-02	64	136	88	112
NA	NA	1979_1965	NA	NA	NA	9.0929e-01	8.1966e-01	147	53	149	51
NA	NA	2779_2776	NA	NA	NA	8.0858e-01	7.1616e-01	45	155	42	158
NA	NA	136_133	NA	NA	NA	5.9248e-01	5.0319e-01	36	164	31	169
NA	NA	3482_3479	NA	NA	NA	1.0000e+00	3.1670e-01	200	0	199	1
NA	NA	2241_2239	NA	NA	NA	1.9173e-01	1.5981e-01	84	116	98	102
NA	NA	3037_3034	NA	NA	NA	5.3499e-01	4.6911e-01	122	78	129	71
NA	NA	3040_3037	NA	NA	NA	2.5596e-01	2.0695e-01	44	156	34	166
NA	NA	389_386	NA	NA	NA	7.3248e-01	6.4842e-01	54	146	50	150
NA	NA	3043_3040	NA	NA	NA	8.4142e-01	7.6404e-01	102	98	105	95
NA	NA	2928_2925	NA	NA	NA	7.3248e-01	6.4842e-01	146	54	150	50
NA	NA	2577_2574	NA	NA	NA	2.7947e-02	2.0921e-02	140	60	160	40
NA	NA	2766_2763	NA	NA	NA	7.0372e-01	6.3476e-01	79	15	79	18
NA	NA	2321_2318	NA	NA	NA	4.4898e-01	2.5265e-01	195	5	198	2
NA	NA	3046_3043	NA	NA	NA	2.6153e-19	7.7716e-16	166	34	80	120
NA	NA	3059_3056	NA	NA	NA	1.6138e-01	1.3357e-01	109	91	94	106
NA	NA	3096_3093	NA	NA	NA	7.1769e-01	5.9587e-01	75	16	85	22
NA	NA	1737_1734	NA	NA	NA	9.1855e-01	8.3791e-01	80	120	78	122
NA	NA	3083_3080	NA	NA	NA	7.5065e-01	7.3513e-01	150	4	149	5
NA	NA	1214_1211	NA	NA	NA	2.3624e-02	1.7690e-02	43	157	64	136
NA	NA	3100_3097	NA	NA	NA	3.8604e-01	3.2177e-01	37	163	45	155
NA	NA	810_807	NA	NA	NA	2.2981e-01	1.9333e-01	110	90	97	103
NA	NA	4048_4045	NA	NA	NA	6.8055e-12	5.6297e-12	82	118	150	50
NA	NA	2574_2571	NA	NA	NA	7.0516e-01	6.1370e-01	159	41	163	37
NA	NA	3117_3114	NA	NA	NA	1.0000e+00	6.2875e-01	4	3	5	6
NA	NA	3123_3120	NA	NA	NA	1.0000e+00	7.3244e-01	6	1	10	1
NA	NA	2686_2666	NA	NA	NA	1.4949e-21	8.8818e-16	195	5	122	78
NA	NA	1935_1924	NA	NA	NA	1.0000e+00	9.0713e-01	151	49	152	48
NA	NA	3127_3113	NA	NA	NA	4.7038e-01	3.3466e-01	193	7	189	11
NA	NA	760_757	NA	NA	NA	4.6596e-01	4.0466e-01	68	132	76	124
NA	NA	1014_1011	NA	NA	NA	4.9833e-01	1.6784e-01	2	121	0	116
NA	NA	3299_3296	NA	NA	NA	2.8733e-07	3.8868e-07	103	12	77	49
NA	NA	3138_3135	NA	NA	NA	7.6085e-01	6.8481e-01	81	119	85	115
NA	NA	2916_2913	NA	NA	NA	1.0056e-01	7.8786e-02	157	34	136	46
NA	NA	3150_3147	NA	NA	NA	8.4135e-01	7.6395e-01	97	103	94	106
NA	NA	1394_1391	NA	NA	NA	1.1978e-01	9.5739e-02	49	151	64	136
NA	NA	3153_3150	NA	NA	NA	2.7093e-01	2.2977e-01	110	90	98	102
NA	NA	3158_3156	NA	NA	NA	7.5078e-01	5.2184e-01	6	194	4	196
NA	NA	355_352	NA	NA	NA	7.5197e-01	6.3499e-01	176	24	179	21
NA	NA	3056_3054	NA	NA	NA	8.8875e-01	7.7943e-01	29	171	31	169
NA	NA	3171_3168	NA	NA	NA	9.0475e-01	8.1074e-01	156	44	154	46
NA	NA	2465_2462	NA	NA	NA	1.6503e-10	3.4637e-10	182	18	130	70
NA	NA	3184_3176	NA	NA	NA	2.9243e-01	1.8821e-01	5	195	10	190
NA	NA	2311_2308	NA	NA	NA	1.0000e+00	9.4155e-01	33	16	36	18
NA	NA	3188_3185	NA	NA	NA	1.6584e-01	1.5396e-01	101	77	121	68
NA	NA	3191_3188	NA	NA	NA	2.8372e-01	2.4754e-01	158	20	160	29
NA	NA	2830_2827	NA	NA	NA	7.9680e-01	7.6001e-01	138	8	142	7
NA	NA	3194_3191	NA	NA	NA	4.6148e-02	4.4012e-02	41	137	28	161
NA	NA	3220_3217	NA	NA	NA	6.6813e-02	6.3976e-02	124	30	147	20
NA	NA	2252_2250	NA	NA	NA	1.0000e+00	1.0000e+00	197	3	197	3
NA	NA	692_669	NA	NA	NA	1.1483e-01	8.0613e-02	23	177	13	187
NA	NA	3356_3345	NA	NA	NA	1.8785e-08	2.8817e-08	181	19	136	64
NA	NA	2845_2842	NA	NA	NA	4.4050e-02	3.5423e-02	95	51	79	70
NA	NA	3243_3240	NA	NA	NA	1.0000e+00	7.6723e-01	11	12	10	13
NA	NA	2693_2691	NA	NA	NA	3.7322e-02	3.5863e-02	185	15	172	28
NA	NA	1272_1269	NA	NA	NA	8.2520e-01	7.4033e-01	59	141	56	144
NA	NA	3246_3243	NA	NA	NA	4.8889e-01	1.4818e-01	21	2	23	0
NA	NA	3253_3250	NA	NA	NA	2.1053e-01	1.7502e-01	135	65	122	78
NA	NA	1528_1499	NA	NA	NA	6.8987e-01	5.9442e-01	32	168	36	164
NA	NA	3259_3256	NA	NA	NA	2.4557e-01	2.0530e-01	138	62	126	74
NA	NA	3203_3200	NA	NA	NA	5.8767e-01	5.1632e-01	116	62	117	72
NA	NA	3265_3262	NA	NA	NA	5.9447e-02	4.6181e-02	66	134	48	152
NA	NA	3267_3265	NA	NA	NA	8.1923e-01	6.4636e-01	189	11	191	9
NA	NA	448_445	NA	NA	NA	5.1889e-01	4.1960e-01	24	176	19	181
NA	NA	2676_2673	NA	NA	NA	6.6846e-01	5.8572e-01	3	2	37	41
NA	NA	3270_3267	NA	NA	NA	6.5797e-03	4.8502e-03	115	85	142	58
NA	NA	3275_3272	NA	NA	NA	4.0485e-19	-8.8818e-16	131	69	196	4
NA	NA	1959_1956	NA	NA	NA	1.0000e+00	7.3601e-01	4	196	5	195
NA	NA	3284_3281	NA	NA	NA	7.0238e-01	6.1018e-01	36	164	40	160
NA	NA	3952_3950	NA	NA	NA	2.3795e-13	2.1416e-13	74	126	147	53
NA	NA	3001_2998	NA	NA	NA	8.7991e-01	8.2303e-01	26	166	24	164
NA	NA	203_200	NA	NA	NA	7.6256e-01	6.8701e-01	86	114	90	110
NA	NA	3287_3284	NA	NA	NA	4.1901e-01	3.5561e-01	46	154	54	146
NA	NA	3308_3306	NA	NA	NA	7.7815e-01	6.7229e-01	169	31	172	28
NA	NA	1917_1914	NA	NA	NA	3.5126e-01	2.7231e-01	19	3	35	2
NA	NA	3311_3308	NA	NA	NA	7.2738e-01	6.4192e-01	51	149	47	153
NA	NA	2998_2995	NA	NA	NA	7.3807e-01	7.2016e-01	56	136	58	130
NA	NA	2917_2906	NA	NA	NA	1.0939e-01	7.2870e-02	9	191	18	182
NA	NA	3341_3338	NA	NA	NA	8.8862e-02	7.1733e-02	106	94	88	112
NA	NA	3323_3320	NA	NA	NA	4.4508e-01	3.8273e-01	64	136	56	144
NA	NA	726_723	NA	NA	NA	8.8299e-01	7.7242e-01	27	102	32	111
NA	NA	2958_2955	NA	NA	NA	7.9991e-01	7.0361e-01	40	160	37	163
NA	NA	1527_1524	NA	NA	NA	1.0182e-14	1.7764e-14	60	108	127	37
NA	NA	3031_3028	NA	NA	NA	1.0000e+00	9.1446e-01	137	63	136	64
NA	NA	3250_3236	NA	NA	NA	1.0000e+00	1.0000e+00	177	23	177	23
NA	NA	3326_3323	NA	NA	NA	4.4007e-22	-1.7764e-15	166	34	73	127
NA	NA	4082_4079	NA	NA	NA	7.5952e-01	6.8309e-01	82	118	78	122
NA	NA	3754_3751	NA	NA	NA	3.8390e-01	3.2725e-01	56	144	65	135
NA	NA	3314_3311	NA	NA	NA	2.9025e-10	2.1559e-10	119	81	56	144
NA	NA	3814_3811	NA	NA	NA	9.1037e-01	8.2179e-01	147	53	145	55
NA	NA	3086_3083	NA	NA	NA	1.0000e+00	8.7620e-01	129	25	130	24
NA	NA	2052_2049	NA	NA	NA	8.8875e-01	7.7943e-01	31	169	29	171
NA	NA	1098_1095	NA	NA	NA	1.2746e-01	8.0642e-02	54	12	67	6
NA	NA	3345_3343	NA	NA	NA	9.1137e-01	8.2376e-01	55	145	57	143
NA	NA	3349_3346	NA	NA	NA	1.0000e+00	9.7834e-01	13	6	44	20
NA	NA	1627_1607	NA	NA	NA	1.4641e-01	1.1980e-01	119	81	134	66
NA	NA	3648_3645	NA	NA	NA	3.9078e-01	2.8287e-01	191	9	186	14
NA	NA	2289_2287	NA	NA	NA	7.6065e-01	6.4731e-01	174	26	177	23
NA	NA	1697_1694	NA	NA	NA	9.1945e-01	8.3969e-01	114	86	116	84
NA	NA	2897_2894	NA	NA	NA	2.5236e-01	1.9798e-01	33	167	24	176
NA	NA	1300_1297	NA	NA	NA	3.7197e-01	3.4820e-01	96	72	102	62
NA	NA	3352_3349	NA	NA	NA	6.0790e-01	5.4534e-01	8	11	32	32
NA	NA	3355_3352	NA	NA	NA	1.8841e-01	1.0497e-01	19	0	56	8
NA	NA	2542_2539	NA	NA	NA	5.5497e-01	5.1297e-01	50	17	61	16
NA	NA	3359_3356	NA	NA	NA	3.0356e-01	2.5776e-01	118	82	129	71
NA	NA	3338_3335	NA	NA	NA	4.2370e-01	3.6807e-01	103	97	94	106
NA	NA	3374_3371	NA	NA	NA	1.4350e-01	1.1038e-01	69	17	52	23
NA	NA	3377_3374	NA	NA	NA	3.6870e-01	3.0207e-01	76	10	62	13
NA	NA	2255_2252	NA	NA	NA	4.6596e-01	4.0466e-01	132	68	124	76
NA	NA	3380_3377	NA	NA	NA	7.4545e-01	7.3745e-01	54	32	49	26
NA	NA	2416_2413	NA	NA	NA	4.5946e-01	3.7967e-01	56	23	37	21
NA	NA	3383_3380	NA	NA	NA	3.9795e-01	3.6457e-01	70	16	65	10
NA	NA	3386_3383	NA	NA	NA	7.1487e-01	6.6676e-01	64	22	58	17
NA	NA	3392_3389	NA	NA	NA	3.1020e-04	2.4571e-04	10	76	27	48
NA	NA	3626_3623	NA	NA	NA	5.2331e-01	4.0981e-01	28	23	26	15
NA	NA	4270_4267	NA	NA	NA	1.5316e-01	1.4473e-01	14	79	24	79
NA	NA	3411_3408	NA	NA	NA	6.1945e-01	3.2993e-01	10	1	13	4
NA	NA	3414_3411	NA	NA	NA	1.0000e+00	N/A	11	0	17	0
NA	NA	3272_3270	NA	NA	NA	7.6592e-06	9.2167e-06	3	197	26	174
NA	NA	1372_1369	NA	NA	NA	7.9586e-01	6.9776e-01	35	165	38	162
NA	NA	3417_3414	NA	NA	NA	1.0000e+00	6.9879e-01	5	6	9	8
NA	NA	569_566	NA	NA	NA	6.5719e-01	5.9482e-01	13	32	16	31
NA	NA	2992_2989	NA	NA	NA	4.9874e-01	1.6059e-01	2	190	0	188
NA	NA	1818_1815	NA	NA	NA	2.6450e-01	2.3434e-01	24	28	89	71
NA	NA	3034_3031	NA	NA	NA	3.4299e-29	-2.2204e-15	94	106	4	196
NA	NA	3420_3418	NA	NA	NA	4.9875e-01	1.5626e-01	0	200	2	198
NA	NA	3103_3100	NA	NA	NA	1.5864e-01	1.3104e-01	104	96	119	81
NA	NA	3289_3287	NA	NA	NA	5.3141e-01	4.6521e-01	75	125	68	132
NA	NA	2974_2971	NA	NA	NA	7.5417e-01	6.9601e-01	22	170	24	164
NA	NA	3426_3423	NA	NA	NA	4.9875e-01	1.5626e-01	0	200	2	198
NA	NA	2881_2878	NA	NA	NA	8.4142e-01	7.6404e-01	95	105	98	102
NA	NA	2318_2315	NA	NA	NA	5.0055e-01	4.3182e-01	51	149	58	142
NA	NA	3054_3046	NA	NA	NA	1.0000e+00	8.1416e-01	191	9	190	10
NA	NA	2523_2520	NA	NA	NA	2.2222e-01	6.0169e-02	84	0	23	1
NA	NA	939_934	NA	NA	NA	4.1636e-01	4.0980e-01	182	18	177	23
NA	NA	3216_3213	NA	NA	NA	1.0000e+00	1.0000e+00	178	22	178	22
NA	NA	847_845	NA	NA	NA	3.5732e-01	3.0640e-01	84	116	74	126
NA	NA	3232_3230	NA	NA	NA	4.1901e-01	3.5561e-01	46	154	54	146
NA	NA	890_885	NA	NA	NA	5.6383e-01	4.8842e-01	53	147	47	153
NA	NA	2691_2689	NA	NA	NA	7.4201e-01	6.2092e-01	181	19	178	22
NA	NA	3437_3434	NA	NA	NA	8.5801e-01	7.1991e-01	16	184	18	182
NA	NA	1720_1709	NA	NA	NA	1.0000e+00	N/A	200	0	200	0
NA	NA	3785_3782	NA	NA	NA	8.2029e-01	7.3317e-01	146	54	149	51
NA	NA	650_647	NA	NA	NA	1.6718e-01	1.0195e-01	66	7	67	2
NA	NA	3451_3440	NA	NA	NA	4.8290e-01	4.2257e-01	103	97	111	89
NA	NA	440_438	NA	NA	NA	3.8032e-01	2.4103e-01	192	8	196	4
NA	NA	3223_3220	NA	NA	NA	4.2116e-15	4.2299e-14	95	59	160	7
NA	NA	1291_1288	NA	NA	NA	5.4844e-01	4.8379e-01	101	99	94	106
NA	NA	1245_1234	NA	NA	NA	1.2302e-01	7.9338e-02	193	7	185	15
NA	NA	3335_3332	NA	NA	NA	1.0936e-20	7.7716e-16	119	81	30	170
NA	NA	3455_3452	NA	NA	NA	8.2355e-01	7.4776e-01	93	71	89	73
NA	NA	2968_2965	NA	NA	NA	7.0373e-03	6.2940e-03	148	44	165	23
NA	NA	1211_1208	NA	NA	NA	5.9504e-01	5.2347e-01	69	131	63	137
NA	NA	3461_3458	NA	NA	NA	8.9697e-01	8.4342e-01	40	124	38	124
NA	NA	2061_2058	NA	NA	NA	2.6977e-01	2.2864e-01	102	98	114	86
NA	NA	3465_3462	NA	NA	NA	2.4135e-01	1.9311e-01	169	31	159	41
NA	NA	3468_3465	NA	NA	NA	4.8398e-01	4.2371e-01	96	104	104	96
NA	NA	2206_2203	NA	NA	NA	2.0607e-02	1.2642e-02	17	1	12	8
NA	NA	1285_1282	NA	NA	NA	8.6786e-01	7.3888e-01	19	181	21	179
NA	NA	3479_3468	NA	NA	NA	2.2361e-02	1.7066e-02	115	85	138	62
NA	NA	3490_3482	NA	NA	NA	1.7316e-01	1.3057e-01	30	170	20	180
NA	NA	3494_3491	NA	NA	NA	2.8873e-01	1.9176e-01	13	80	4	53
NA	NA	3206_3203	NA	NA	NA	9.2003e-02	8.5450e-02	110	68	100	89
NA	NA	3500_3497	NA	NA	NA	5.6048e-03	3.9374e-03	15	78	21	36
NA	NA	619_616	NA	NA	NA	1.0000e+00	8.0666e-01	68	2	46	1
NA	NA	2865_2862	NA	NA	NA	7.3427e-01	6.0436e-01	5	55	4	63
NA	NA	1453_1450	NA	NA	NA	3.1260e-02	2.9657e-02	25	155	42	143
NA	NA	432_429	NA	NA	NA	3.0038e-01	2.4401e-01	32	168	41	159
NA	NA	3147_3144	NA	NA	NA	7.9586e-01	6.9776e-01	35	165	38	162
NA	NA	4101_4098	NA	NA	NA	3.1409e-01	2.6814e-01	106	94	117	83
NA	NA	3462_3451	NA	NA	NA	8.9762e-01	7.9677e-01	36	164	38	162
NA	NA	2315_2312	NA	NA	NA	3.4745e-01	2.3986e-01	193	7	188	12
NA	NA	3509_3507	NA	NA	NA	2.7209e-01	2.1670e-01	164	36	173	27
NA	NA	3025_3022	NA	NA	NA	5.6969e-01	4.4766e-01	13	187	17	183
NA	NA	2788_2785	NA	NA	NA	1.0000e+00	8.2262e-01	190	10	189	11
NA	NA	3801_3798	NA	NA	NA	7.7331e-01	6.8082e-01	14	11	11	11
NA	NA	3511_3509	NA	NA	NA	5.6082e-02	3.5258e-02	183	17	193	7
NA	NA	3514_3511	NA	NA	NA	7.3043e-01	6.0465e-01	183	17	180	20
NA	NA	3525_3517	NA	NA	NA	5.1006e-01	4.0980e-01	18	182	23	177
NA	NA	3532_3529	NA	NA	NA	9.3569e-08	4.3312e-07	68	41	67	3
NA	NA	4039_4036	NA	NA	NA	9.1431e-01	8.2955e-01	138	62	136	64
NA	NA	2612_2609	NA	NA	NA	1.0000e+00	9.1701e-01	34	103	35	103
NA	NA	528_525	NA	NA	NA	2.2545e-17	1.8874e-15	111	89	184	16
NA	NA	4096_4093	NA	NA	NA	1.0000e+00	1.0000e+00	91	109	91	109
NA	NA	720_717	NA	NA	NA	9.0394e-01	8.9345e-01	66	63	72	71
NA	NA	3547_3544	NA	NA	NA	6.3630e-02	5.1358e-02	29	80	10	60
NA	NA	756_753	NA	NA	NA	3.1350e-01	2.4302e-01	22	26	19	36
NA	NA	2001_1998	NA	NA	NA	1.6626e-01	1.3384e-01	133	47	120	60
NA	NA	3548_3525	NA	NA	NA	1.2680e-04	8.7934e-05	91	109	130	70
NA	NA	3731_3729	NA	NA	NA	1.0000e+00	7.3601e-01	195	5	196	4
NA	NA	1049_1046	NA	NA	NA	4.8395e-01	4.2369e-01	95	105	103	97
NA	NA	2438_2435	NA	NA	NA	3.5580e-01	3.0161e-01	4	59	7	53
NA	NA	3935_3932	NA	NA	NA	4.7100e-01	3.4706e-01	45	11	64	10
NA	NA	205_203	NA	NA	NA	9.0475e-01	8.1074e-01	46	154	44	156
NA	NA	1038_1027	NA	NA	NA	2.6723e-01	2.2618e-01	81	119	93	107
NA	NA	3897_3894	NA	NA	NA	1.0000e+00	9.5258e-01	103	36	96	33
NA	NA	352_349	NA	NA	NA	1.0000e+00	3.1670e-01	200	0	199	1
NA	NA	2524_2504	NA	NA	NA	1.1682e-11	1.4051e-11	116	84	176	24
NA	NA	2983_2980	NA	NA	NA	1.8209e-01	1.5202e-01	105	87	89	99
NA	NA	582_565	NA	NA	NA	9.0548e-01	8.1217e-01	155	45	153	47
NA	NA	2602_2599	NA	NA	NA	1.6132e-02	1.1604e-02	49	151	29	171
NA	NA	3168_3165	NA	NA	NA	1.8848e-01	1.5677e-01	78	122	92	108
NA	NA	2871_2868	NA	NA	NA	2.3160e-01	1.6222e-01	53	7	53	14
NA	NA	255_252	NA	NA	NA	1.0000e+00	9.6285e-01	2	21	2	20
NA	NA	3950_3947	NA	NA	NA	6.8912e-01	6.1697e-01	95	105	100	100
NA	NA	3779_3776	NA	NA	NA	5.4302e-01	4.7787e-01	80	120	87	113
NA	NA	3939_3922	NA	NA	NA	6.9350e-02	5.4664e-02	144	56	126	74
NA	NA	2925_2922	NA	NA	NA	1.0000e+00	8.8939e-01	30	170	31	169
NA	NA	3332_3329	NA	NA	NA	2.3634e-01	1.9647e-01	69	131	57	143
NA	NA	3841_3838	NA	NA	NA	3.8887e-02	3.5780e-02	7	150	18	151
NA	NA	325_322	NA	NA	NA	5.5013e-01	3.6240e-01	76	4	86	8
NA	NA	1758_1755	NA	NA	NA	4.6468e-01	3.8000e-01	170	30	176	24
NA	NA	3749_3746	NA	NA	NA	1.0000e+00	1.0000e+00	95	105	95	105
NA	NA	3656_3653	NA	NA	NA	1.0000e+00	8.7879e-01	175	25	176	24
NA	NA	2641_2638	NA	NA	NA	5.0591e-01	4.2449e-01	169	31	163	37
NA	NA	3975_3972	NA	NA	NA	1.0000e+00	8.3635e-01	12	188	13	187
NA	NA	1001_999	NA	NA	NA	5.8177e-01	5.0852e-01	61	139	55	145
NA	NA	1414_1411	NA	NA	NA	2.2005e-01	1.2633e-01	3	197	8	192
NA	NA	3630_3627	NA	NA	NA	8.1918e-01	7.3156e-01	150	50	147	53
NA	NA	2339_2336	NA	NA	NA	3.4372e-01	2.8675e-01	158	42	149	51
NA	NA	3913_3910	NA	NA	NA	5.4675e-01	4.8194e-01	94	106	87	113
NA	NA	2388_2385	NA	NA	NA	1.0000e+00	1.0000e+00	189	11	189	11
NA	NA	3981_3978	NA	NA	NA	4.7793e-01	3.9420e-01	32	168	26	174
NA	NA	4190_4176	NA	NA	NA	1.9527e-01	1.5447e-01	42	158	31	169
NA	NA	4230_4227	NA	NA	NA	6.2248e-01	5.5781e-01	149	1	147	2
NA	NA	3296_3293	NA	NA	NA	2.5967e-03	2.1614e-03	36	79	64	62
NA	NA	3955_3952	NA	NA	NA	8.1923e-01	6.4636e-01	191	9	189	11
NA	NA	3826_3823	NA	NA	NA	6.8912e-01	6.1697e-01	105	95	100	100
NA	NA	3639_3636	NA	NA	NA	4.8389e-01	4.2362e-01	106	94	98	102
NA	NA	208_205	NA	NA	NA	5.8095e-01	4.6099e-01	182	18	186	14
NA	NA	3984_3981	NA	NA	NA	7.5999e-01	6.8370e-01	83	117	79	121
NA	NA	4010_4008	NA	NA	NA	2.4316e-09	1.9436e-09	108	92	164	36
NA	NA	3571_3568	NA	NA	NA	9.1680e-01	8.3446e-01	70	130	72	128
NA	NA	818_815	NA	NA	NA	7.4577e-01	6.6542e-01	64	136	60	140
NA	NA	2937_2934	NA	NA	NA	6.5490e-01	5.0124e-01	12	188	9	191
NA	NA	4012_4010	NA	NA	NA	6.0256e-01	5.3197e-01	125	75	131	69
NA	NA	3398_3395	NA	NA	NA	3.1393e-01	3.0584e-01	73	13	59	16
NA	NA	3607_3604	NA	NA	NA	1.0853e-02	1.0406e-02	191	9	199	1
NA	NA	2369_2367	NA	NA	NA	7.5158e-01	6.7288e-01	130	70	134	66
NA	NA	4019_4016	NA	NA	NA	6.7745e-01	6.0303e-01	70	130	75	125
NA	NA	2517_2514	NA	NA	NA	1.0000e+00	6.0147e-01	78	6	23	1
NA	NA	2872_2855	NA	NA	NA	5.1936e-01	4.5213e-01	140	60	133	67
NA	NA	3756_3754	NA	NA	NA	3.2729e-01	2.3968e-01	17	183	11	189
NA	NA	3230_3227	NA	NA	NA	5.3904e-01	4.7352e-01	82	118	75	125
NA	NA	3504_3490	NA	NA	NA	2.8730e-04	2.0076e-04	107	93	143	57
NA	NA	3945_3942	NA	NA	NA	2.4526e-01	1.9131e-01	23	177	32	168
NA	NA	3240_3237	NA	NA	NA	7.4945e-01	5.2161e-01	15	8	17	6
NA	NA	3767_3764	NA	NA	NA	5.2414e-01	4.4444e-01	165	35	159	41
NA	NA	2964_2961	NA	NA	NA	6.1685e-01	5.4819e-01	107	93	101	99
NA	NA	1031_1028	NA	NA	NA	2.5601e-01	2.4238e-01	42	77	30	77
NA	NA	4035_4032	NA	NA	NA	1.0000e+00	N/A	22	0	20	0
NA	NA	4068_4065	NA	NA	NA	8.4146e-01	7.6411e-01	96	104	99	101
NA	NA	633_630	NA	NA	NA	1.6109e-01	1.1102e-01	4	4	2	10
NA	NA	1924_1921	NA	NA	NA	7.5078e-01	5.2184e-01	194	6	196	4
NA	NA	2894_2892	NA	NA	NA	1.0000e+00	1.0000e+00	40	160	40	160
NA	NA	4140_4137	NA	NA	NA	7.3405e-01	6.5042e-01	55	145	51	149
NA	NA	1839_1836	NA	NA	NA	4.5549e-01	3.8378e-01	163	37	156	44
NA	NA	4060_4057	NA	NA	NA	7.0238e-01	6.1018e-01	160	40	164	36
NA	NA	1173_1159	NA	NA	NA	1.0000e+00	9.1826e-01	123	77	122	78
NA	NA	1975_1972	NA	NA	NA	1.1421e-01	8.9370e-02	36	17	42	9
NA	NA	4205_4202	NA	NA	NA	9.1855e-01	8.3791e-01	80	120	78	122
NA	NA	464_461	NA	NA	NA	4.7086e-01	4.0007e-01	41	159	48	152
NA	NA	3820_3817	NA	NA	NA	6.1311e-01	5.4394e-01	112	88	118	82
NA	NA	3751_3749	NA	NA	NA	8.4980e-01	7.0420e-01	184	16	186	14
NA	NA	2482_2479	NA	NA	NA	1.4889e-01	1.1810e-01	149	51	162	38
NA	NA	1353_1350	NA	NA	NA	5.6790e-16	5.5511e-16	86	114	164	36
NA	NA	1172_1169	NA	NA	NA	4.1073e-01	3.2155e-01	12	65	17	61
NA	NA	3016_3014	NA	NA	NA	7.0899e-01	5.7480e-01	186	14	183	17
NA	NA	995_992	NA	NA	NA	2.6920e-01	2.1390e-01	68	48	72	36
NA	NA	1538_1535	NA	NA	NA	8.1226e-01	6.6134e-01	37	10	39	13
NA	NA	746_743	NA	NA	NA	8.0361e-01	7.0895e-01	161	39	158	42
NA	NA	2707_2704	NA	NA	NA	9.2036e-01	8.4147e-01	100	100	102	98
NA	NA	4073_4070	NA	NA	NA	5.6497e-02	4.4810e-02	118	82	98	102
NA	NA	3898_3887	NA	NA	NA	3.3858e-01	2.8762e-01	61	139	71	129
NA	NA	4079_4076	NA	NA	NA	1.2214e-02	9.2343e-03	118	82	92	108
NA	NA	184_181	NA	NA	NA	1.0000e+00	5.6223e-01	1	199	2	198
NA	NA	3565_3562	NA	NA	NA	1.9639e-01	1.4037e-01	20	180	12	188
NA	NA	139_136	NA	NA	NA	8.4504e-01	6.9511e-01	187	13	185	15
NA	NA	2501_2498	NA	NA	NA	2.9202e-01	2.4171e-01	43	157	53	147
NA	NA	34_31	NA	NA	NA	1.0039e-05	8.1861e-06	11	189	41	159
NA	NA	595_592	NA	NA	NA	1.8317e-01	1.5806e-01	57	13	33	14
NA	NA	4085_4082	NA	NA	NA	1.4049e-02	1.0014e-02	47	153	27	173
NA	NA	1944_1941	NA	NA	NA	2.0644e-01	2.0111e-01	182	18	174	26
NA	NA	3144_3141	NA	NA	NA	1.0000e+00	8.8787e-01	30	170	29	171
NA	NA	4164_4161	NA	NA	NA	1.1024e-01	8.5745e-02	116	18	130	10
NA	NA	1027_1024	NA	NA	NA	5.1988e-01	4.3976e-01	40	160	34	166
NA	NA	3617_3614	NA	NA	NA	6.2583e-01	4.2084e-01	48	3	40	1
NA	NA	2514_2511	NA	NA	NA	1.0000e+00	8.9168e-01	81	3	23	1
NA	NA	3835_3832	NA	NA	NA	8.0976e-01	7.4996e-01	49	108	50	119
NA	NA	1644_1639	NA	NA	NA	7.5999e-01	6.8370e-01	83	117	79	121
NA	NA	4026_4023	NA	NA	NA	5.9756e-01	4.9302e-01	1	21	2	18
NA	NA	1938_1935	NA	NA	NA	6.7350e-01	5.9832e-01	129	71	134	66
NA	NA	1650_1647	NA	NA	NA	5.9903e-01	5.2798e-01	72	128	66	134
NA	NA	2731_2728	NA	NA	NA	2.4073e-01	1.4903e-01	177	0	169	2
NA	NA	2117_2114	NA	NA	NA	4.3734e-02	3.3273e-02	22	27	9	30
NA	NA	3395_3392	NA	NA	NA	6.2385e-01	3.8085e-01	83	3	74	1
NA	NA	4171_4168	NA	NA	NA	8.2135e-01	7.3471e-01	55	145	52	148
NA	NA	4016_4014	NA	NA	NA	2.2919e-01	1.8605e-01	161	39	150	50
NA	NA	3707_3704	NA	NA	NA	1.0000e+00	N/A	1	0	0	0
NA	NA	4264_4261	NA	NA	NA	5.4314e-01	4.4854e-01	89	4	96	7
NA	NA	1263_1260	NA	NA	NA	3.3752e-01	2.0018e-01	7	193	3	197
NA	NA	3404_3402	NA	NA	NA	6.8405e-01	6.1090e-01	116	84	121	79
NA	NA	3798_3795	NA	NA	NA	3.6205e-01	2.3370e-01	14	11	16	6
NA	NA	1126_1123	NA	NA	NA	3.2691e-10	3.0347e-10	171	29	114	86
NA	NA	3627_3613	NA	NA	NA	2.8490e-01	2.3479e-01	149	51	159	41
NA	NA	4224_4221	NA	NA	NA	4.4758e-01	2.5493e-01	145	5	147	2
NA	NA	344_341	NA	NA	NA	1.1993e-01	9.2410e-02	43	157	30	170
NA	NA	1316_1296	NA	NA	NA	6.8987e-01	5.9442e-01	32	168	36	164
NA	NA	3938_3935	NA	NA	NA	3.7626e-01	3.1052e-01	26	30	41	33
NA	NA	4032_4029	NA	NA	NA	1.0000e+00	9.7642e-01	12	10	11	9
NA	NA	1343_1340	NA	NA	NA	2.3494e-01	1.9058e-01	79	26	78	38
NA	NA	4227_4224	NA	NA	NA	2.8740e-06	2.4749e-06	100	50	133	16
NA	NA	3450_3447	NA	NA	NA	5.1574e-02	3.9324e-02	46	51	29	60
NA	NA	3860_3857	NA	NA	NA	7.5902e-01	6.8245e-01	119	81	123	77
NA	NA	3876_3874	NA	NA	NA	8.8381e-01	7.6980e-01	28	172	26	174
NA	NA	3092_3089	NA	NA	NA	8.3371e-01	7.5275e-01	132	68	129	71
NA	NA	3529_3526	NA	NA	NA	8.7314e-01	7.4253e-01	40	69	24	46
NA	NA	4193_4190	NA	NA	NA	7.8677e-01	5.8635e-01	8	192	6	194
NA	NA	3713_3710	NA	NA	NA	7.9369e-01	6.9463e-01	166	34	163	37
NA	NA	3162_3160	NA	NA	NA	6.7013e-02	5.1903e-02	60	140	43	157
NA	NA	3704_3701	NA	NA	NA	1.0000e+00	N/A	0	1	0	0
NA	NA	948_945	NA	NA	NA	4.6776e-01	3.6352e-01	181	19	186	14
NA	NA	4165_4160	NA	NA	NA	5.9053e-01	5.1839e-01	66	134	60	140
NA	NA	2649_2646	NA	NA	NA	2.5236e-01	1.9798e-01	24	176	33	167
NA	NA	1866_1864	NA	NA	NA	6.4474e-01	5.3825e-01	22	178	26	174
NA	NA	3226_3223	NA	NA	NA	1.0000e+00	9.1741e-01	108	46	118	49
NA	NA	3831_3829	NA	NA	NA	4.0677e-01	3.5063e-01	122	78	131	69
NA	NA	1489_1486	NA	NA	NA	1.4356e-07	1.0327e-07	82	43	44	91
NA	NA	4256_4253	NA	NA	NA	4.4556e-02	3.4068e-02	70	27	100	19
NA	NA	2833_2830	NA	NA	NA	2.2297e-01	2.1855e-01	91	55	103	46
NA	NA	3596_3593	NA	NA	NA	9.0984e-01	8.2075e-01	52	148	54	146
NA	NA	654_637	NA	NA	NA	7.5399e-01	6.7598e-01	127	73	131	69
NA	NA	1474_1471	NA	NA	NA	8.1923e-01	6.4636e-01	9	191	11	189
NA	NA	4202_4199	NA	NA	NA	3.5044e-02	2.4534e-02	167	33	182	18
NA	NA	306_292	NA	NA	NA	1.9083e-01	1.5897e-01	82	118	96	104
NA	NA	1432_1429	NA	NA	NA	9.0056e-02	7.3888e-02	68	112	87	98
NA	NA	2741_2738	NA	NA	NA	8.3371e-01	7.5275e-01	68	132	71	129
NA	NA	1580_1577	NA	NA	NA	5.5753e-01	5.4055e-01	39	57	41	50
NA	NA	3620_3617	NA	NA	NA	6.1848e-01	5.8043e-01	41	10	31	10
NA	NA	4208_4205	NA	NA	NA	5.8723e-01	5.1466e-01	64	136	58	142
NA	NA	3209_3206	NA	NA	NA	8.5580e-01	8.4721e-01	163	15	172	17
NA	NA	3126_3123	NA	NA	NA	3.3220e-01	2.0505e-01	4	3	3	8
NA	NA	1893_1891	NA	NA	NA	2.7940e-10	4.9720e-10	11	189	58	142
NA	NA	2039_2036	NA	NA	NA	6.6963e-07	4.7868e-07	44	71	13	111
NA	NA	3281_3278	NA	NA	NA	1.0000e+00	8.9083e-01	169	31	168	32
NA	NA	1772_1769	NA	NA	NA	1.0000e+00	1.0000e+00	163	37	163	37
NA	NA	1191_1189	NA	NA	NA	6.3603e-01	5.5397e-01	44	156	49	151
NA	NA	3764_3762	NA	NA	NA	1.0000e+00	3.1670e-01	0	200	1	199
NA	NA	4119_4116	NA	NA	NA	7.0600e-02	6.1711e-02	145	22	116	31
NA	NA	1251_1248	NA	NA	NA	1.0000e+00	9.0431e-01	156	44	155	45
NA	NA	3070_3067	NA	NA	NA	7.5674e-01	6.7952e-01	73	127	77	123
NA	NA	3990_3987	NA	NA	NA	2.0517e-01	1.5441e-01	18	182	27	173
NA	NA	508_505	NA	NA	NA	2.7206e-01	2.1021e-01	2	1	4	10
NA	NA	1208_1205	NA	NA	NA	6.8787e-01	6.1548e-01	88	112	93	107
NA	NA	1147_1144	NA	NA	NA	7.3405e-01	6.5042e-01	51	149	55	145
NA	NA	4057_4054	NA	NA	NA	2.8535e-01	2.5265e-01	198	2	195	5
NA	NA	456_448	NA	NA	NA	5.4077e-01	4.7541e-01	84	116	77	123
NA	NA	1046_1038	NA	NA	NA	5.9511e-02	4.0729e-02	175	25	187	13
NA	NA	3458_3455	NA	NA	NA	7.0475e-01	6.5900e-01	120	44	122	40
NA	NA	3472_3469	NA	NA	NA	1.9893e-01	1.5602e-01	64	21	40	22
NA	NA	1777_1775	NA	NA	NA	3.7313e-18	1.3323e-15	133	67	47	153
NA	NA	1555_1552	NA	NA	NA	2.3218e-01	1.9251e-01	133	67	145	55
NA	NA	3762_3759	NA	NA	NA	1.0000e+00	8.9700e-01	163	37	164	36
NA	NA	992_989	NA	NA	NA	4.3413e-01	4.2156e-01	103	13	92	16
NA	NA	3662_3659	NA	NA	NA	6.2508e-01	5.4111e-01	160	40	155	45
NA	NA	1417_1414	NA	NA	NA	4.1474e-01	3.5882e-01	85	115	76	124
NA	NA	4133_4130	NA	NA	NA	1.8080e-01	1.6786e-01	35	34	46	28
NA	NA	2884_2881	NA	NA	NA	6.8593e-01	6.5269e-01	198	2	197	3
NA	NA	2961_2958	NA	NA	NA	1.0000e+00	9.1740e-01	126	74	127	73
NA	NA	4002_3999	NA	NA	NA	3.2135e-01	2.7051e-01	63	137	53	147
NA	NA	1309_1306	NA	NA	NA	1.0000e+00	N/A	168	0	164	0
NA	NA	740_737	NA	NA	NA	7.2244e-01	7.1882e-01	50	106	55	107
NA	NA	3642_3639	NA	NA	NA	7.6124e-01	6.8532e-01	114	86	118	82
NA	NA	4245_4242	NA	NA	NA	4.4532e-01	3.9298e-01	103	47	109	40
NA	NA	3587_3584	NA	NA	NA	1.0000e+00	6.7885e-01	2	2	5	3
NA	NA	2716_2713	NA	NA	NA	7.6458e-01	6.5290e-01	24	176	27	173
NA	NA	900_897	NA	NA	NA	2.4272e-01	8.1709e-02	49	3	51	0
NA	NA	1017_1014	NA	NA	NA	2.5620e-01	1.8749e-01	114	9	112	4
NA	NA	1969_1966	NA	NA	NA	1.0000e+00	8.9596e-01	37	16	35	16
NA	NA	3688_3686	NA	NA	NA	8.7401e-02	7.0440e-02	99	101	81	119
NA	NA	4252_4249	NA	NA	NA	5.4743e-01	4.8269e-01	104	96	111	89
NA	NA	4212_4209	NA	NA	NA	7.2873e-01	6.8755e-01	69	81	72	77
NA	NA	4008_4005	NA	NA	NA	1.0000e+00	1.0000e+00	139	61	139	61
NA	NA	1293_1291	NA	NA	NA	2.1743e-01	1.7501e-01	164	36	153	47
NA	NA	3978_3975	NA	NA	NA	1.0000e+00	1.0000e+00	142	58	142	58
NA	NA	1315_1312	NA	NA	NA	3.9304e-10	4.2796e-10	75	93	128	36
NA	NA	3019_3016	NA	NA	NA	9.6893e-02	7.7895e-02	82	118	65	135
NA	NA	2820_2817	NA	NA	NA	2.8986e-01	2.2648e-01	29	171	21	179
NA	NA	4070_4068	NA	NA	NA	3.8820e-01	3.3162e-01	58	142	67	133
NA	NA	1941_1938	NA	NA	NA	8.3371e-01	7.5275e-01	68	132	71	129
NA	NA	2529_2526	NA	NA	NA	8.3846e-01	7.5970e-01	79	121	82	118
NA	NA	3305_3302	NA	NA	NA	1.1082e-01	1.0754e-01	67	48	86	40
NA	NA	486_483	NA	NA	NA	6.4896e-01	5.3422e-01	10	35	16	42
NA	NA	3916_3913	NA	NA	NA	1.0701e-01	8.2926e-02	34	166	48	152
NA	NA	3926_3923	NA	NA	NA	4.3210e-01	4.0692e-01	13	43	22	52
NA	NA	2468_2465	NA	NA	NA	3.4727e-01	2.9031e-01	148	52	157	43
NA	NA	37_34	NA	NA	NA	1.0000e+00	8.9700e-01	164	36	163	37
NA	NA	3212_3209	NA	NA	NA	1.6148e-01	1.2783e-01	169	9	185	4
NA	NA	3364_3361	NA	NA	NA	6.1413e-01	5.4509e-01	84	116	90	110
NA	NA	3857_3854	NA	NA	NA	1.0000e+00	9.1609e-01	131	69	132	68
NA	NA	2174_2171	NA	NA	NA	1.0000e+00	9.5912e-01	53	20	52	20
NA	NA	3160_3158	NA	NA	NA	1.0000e+00	9.0647e-01	47	153	48	152
NA	NA	4173_4171	NA	NA	NA	1.0000e+00	1.0000e+00	71	129	71	129
NA	NA	2823_2820	NA	NA	NA	8.2924e-01	7.4623e-01	61	139	64	136
NA	NA	4029_4026	NA	NA	NA	3.4647e-01	1.8768e-01	18	4	19	1
NA	NA	3697_3694	NA	NA	NA	3.5589e-02	2.7799e-02	90	110	112	88
NA	NA	4233_4230	NA	NA	NA	2.3170e-01	2.0328e-01	61	89	50	99
NA	NA	1709_1706	NA	NA	NA	2.0977e-01	1.7135e-01	142	58	154	46
NA	NA	1447_1444	NA	NA	NA	3.6553e-02	3.1248e-02	165	15	156	29
NA	NA	3845_3831	NA	NA	NA	1.5634e-01	1.2230e-01	43	157	31	169
NA	NA	4183_4180	NA	NA	NA	5.4695e-01	5.2268e-01	11	147	15	154
NA	NA	1458_1455	NA	NA	NA	3.5714e-02	1.7911e-02	4	2	1	9
NA	NA	4248_4245	NA	NA	NA	9.2869e-03	7.5762e-03	71	79	48	101
NA	NA	3672_3664	NA	NA	NA	9.0929e-01	8.1966e-01	147	53	149	51
NA	NA	2946_2943	NA	NA	NA	4.7977e-01	3.1869e-01	3	19	7	21
NA	NA	3740_3737	NA	NA	NA	2.2841e-01	1.9199e-01	98	102	85	115
NA	NA	2763_2760	NA	NA	NA	3.6258e-02	2.6397e-02	28	66	44	53
NA	NA	4076_4073	NA	NA	NA	4.3940e-02	3.4117e-02	77	123	57	143
NA	NA	2722_2719	NA	NA	NA	5.7028e-02	5.1875e-02	58	119	40	131
NA	NA	4239_4236	NA	NA	NA	6.9507e-02	6.3856e-02	124	26	110	39
NA	NA	3535_3532	NA	NA	NA	3.7115e-01	2.9987e-01	100	9	67	3
NA	NA	2807_2804	NA	NA	NA	6.2264e-01	3.2358e-01	154	3	153	1
NA	NA	1185_1182	NA	NA	NA	4.4165e-01	3.8567e-01	93	28	36	15
NA	NA	3726_3718	NA	NA	NA	6.3207e-01	5.2269e-01	24	176	20	180
NA	NA	3610_3607	NA	NA	NA	3.9414e-01	3.0624e-01	178	22	184	16
NA	NA	4260_4252	NA	NA	NA	3.5005e-02	2.7309e-02	103	97	81	119
NA	NA	2785_2782	NA	NA	NA	8.8977e-02	6.9880e-02	155	45	139	61
NA	NA	4136_4133	NA	NA	NA	5.4294e-01	4.2648e-01	13	56	18	56
NA	NA	3795_3792	NA	NA	NA	1.0000e+00	9.7935e-01	9	16	8	14
NA	NA	2773_2753	NA	NA	NA	8.4135e-01	7.6395e-01	106	94	103	97
NA	NA	3590_3588	NA	NA	NA	2.7331e-01	2.2358e-01	38	162	48	152
NA	NA	95_92	NA	NA	NA	7.4714e-01	7.2260e-01	82	85	84	94
NA	NA	2791_2788	NA	NA	NA	8.2924e-01	7.4623e-01	136	64	139	61
NA	NA	4036_4022	NA	NA	NA	8.7064e-01	7.4427e-01	178	22	180	20
NA	NA	3922_3919	NA	NA	NA	7.5472e-01	6.7692e-01	126	74	130	70
NA	NA	1713_1710	NA	NA	NA	1.0000e+00	N/A	0	0	0	0
NA	NA	108_105	NA	NA	NA	1.8752e-01	1.4342e-01	22	178	32	168
NA	NA	4154_4151	NA	NA	NA	1.8044e-01	1.4416e-01	151	49	163	37
NA	NA	178_175	NA	NA	NA	6.0364e-01	5.3319e-01	130	70	124	76
NA	NA	934_931	NA	NA	NA	2.6315e-01	2.0111e-01	18	182	26	174
NA	NA	2750_2747	NA	NA	NA	3.6467e-01	3.1380e-01	107	93	117	83
NA	NA	4104_4101	NA	NA	NA	1.0000e+00	9.1806e-01	77	123	76	124
NA	NA	3960_3958	NA	NA	NA	4.0442e-04	2.8367e-04	109	91	144	56
NA	NA	45_42	NA	NA	NA	8.4980e-01	7.0420e-01	16	184	14	186
NA	NA	4249_4208	NA	NA	NA	1.0000e+00	9.0837e-01	50	150	51	149
NA	NA	2955_2947	NA	NA	NA	8.3877e-01	7.6016e-01	120	80	117	83
NA	NA	1397_1394	NA	NA	NA	5.0083e-01	4.1896e-01	164	36	170	30
NA	NA	3708_3700	NA	NA	NA	1.0000e+00	3.1670e-01	199	1	200	0
NA	NA	3503_3500	NA	NA	NA	1.0000e+00	7.8627e-01	89	4	54	3
NA	NA	2407_2404	NA	NA	NA	4.1538e-01	3.8006e-01	20	59	11	47
NA	NA	769_766	NA	NA	NA	1.0000e+00	9.3059e-01	93	57	85	51
NA	NA	4127_4124	NA	NA	NA	8.5674e-01	7.8031e-01	22	47	22	52
NA	NA	2403_2400	NA	NA	NA	9.1431e-01	8.2955e-01	138	62	136	64
NA	NA	4218_4215	NA	NA	NA	1.0000e+00	8.0132e-01	142	8	142	7
NA	NA	2995_2992	NA	NA	NA	4.4092e-01	3.6433e-01	17	175	12	176
NA	NA	3053_3050	NA	NA	NA	3.0341e-01	1.5334e-01	1	8	4	6
NA	NA	4005_4002	NA	NA	NA	3.6696e-01	3.1612e-01	112	88	102	98
NA	NA	3343_3341	NA	NA	NA	6.8859e-01	6.1633e-01	109	91	104	96
NA	NA	3972_3969	NA	NA	NA	7.6227e-01	6.8664e-01	115	85	111	89
NA	NA	4271_4260	NA	NA	NA	3.6805e-01	3.1721e-01	107	93	97	103
NA	NA	3722_3719	NA	NA	NA	4.5228e-01	4.2891e-01	107	69	102	78
NA	NA	2453_2451	NA	NA	NA	7.1282e-01	6.2341e-01	40	160	44	156
NA	NA	3987_3984	NA	NA	NA	8.3526e-01	7.5502e-01	74	126	71	129
NA	NA	3256_3253	NA	NA	NA	3.4745e-01	2.3986e-01	188	12	193	7
NA	NA	4189_4186	NA	NA	NA	1.6535e-02	1.3517e-02	150	8	168	1
NA	NA	3402_3399	NA	NA	NA	3.1624e-01	2.6546e-01	139	61	149	51
NA	NA	3789_3786	NA	NA	NA	3.3143e-01	2.7833e-01	17	8	18	4
NA	NA	4180_4177	NA	NA	NA	1.0000e+00	9.8442e-01	98	60	105	64
NA	NA	1266_1263	NA	NA	NA	1.0000e+00	8.0424e-01	8	192	9	191
NA	NA	3552_3549	NA	NA	NA	2.0040e-01	1.5566e-01	53	23	66	17
NA	NA	4122_4119	NA	NA	NA	4.8434e-01	4.7906e-01	136	31	115	32
NA	NA	3011_3008	NA	NA	NA	3.8382e-01	3.0947e-01	169	31	176	24
NA	NA	723_720	NA	NA	NA	3.8946e-06	1.4179e-05	113	16	143	0
NA	NA	3682_3679	NA	NA	NA	3.2488e-02	2.2862e-02	11	2	9	11
NA	NA	2599_2596	NA	NA	NA	3.1570e-02	2.4438e-02	68	132	90	110
NA	NA	3399_3364	NA	NA	NA	3.0793e-01	2.6206e-01	114	86	125	75
NA	NA	3947_3945	NA	NA	NA	4.9228e-01	3.5880e-01	12	188	8	192
NA	NA	4160_4157	NA	NA	NA	7.2390e-01	5.9552e-01	19	181	16	184
NA	NA	2839_2836	NA	NA	NA	3.7086e-01	1.8342e-01	145	1	145	4
NA	NA	3581_3578	NA	NA	NA	1.0000e+00	4.6018e-01	4	0	7	1
NA	NA	2327_2324	NA	NA	NA	7.9958e-01	6.0983e-01	9	191	7	193
NA	NA	4146_4143	NA	NA	NA	6.6620e-01	5.8964e-01	135	65	140	60
NA	NA	3141_3138	NA	NA	NA	3.8382e-01	3.0947e-01	169	31	176	24
NA	NA	3664_3662	NA	NA	NA	1.0000e+00	9.1763e-01	75	125	74	126
NA	NA	3111_3108	NA	NA	NA	2.4329e-01	1.9940e-01	54	146	43	157
NA	NA	777_774	NA	NA	NA	8.7164e-01	8.6232e-01	29	57	28	52
NA	NA	1985_1982	NA	NA	NA	4.4685e-01	3.7469e-01	165	35	158	42
NA	NA	4148_4146	NA	NA	NA	8.4151e-01	7.6417e-01	102	98	99	101
NA	NA	3871_3866	NA	NA	NA	1.0000e+00	9.1937e-01	116	84	115	85
NA	NA	3901_3898	NA	NA	NA	1.8925e-01	1.5508e-01	66	134	53	147
NA	NA	3932_3929	NA	NA	NA	4.3869e-01	4.1840e-01	18	38	19	55
NA	NA	3302_3299	NA	NA	NA	7.9631e-01	7.1795e-01	62	53	65	61
NA	NA	4112_4104	NA	NA	NA	1.0000e+00	7.7797e-01	194	6	193	7
NA	NA	3851_3848	NA	NA	NA	4.0318e-12	3.6957e-12	107	93	40	160
NA	NA	1330_1327	NA	NA	NA	6.4955e-01	5.6991e-01	50	150	55	145
NA	NA	4143_4140	NA	NA	NA	7.5158e-01	6.7288e-01	66	134	70	130
NA	NA	673_670	NA	NA	NA	4.5686e-01	4.0547e-01	70	107	82	105
NA	NA	3428_3426	NA	NA	NA	4.4327e-01	4.3754e-01	179	21	174	26
NA	NA	3993_3990	NA	NA	NA	2.9513e-01	2.3890e-01	31	169	40	160
NA	NA	3165_3162	NA	NA	NA	3.9433e-01	3.3023e-01	161	39	153	47
NA	NA	4137_4123	NA	NA	NA	6.7653e-01	6.0193e-01	131	69	126	74
NA	NA	1982_1979	NA	NA	NA	2.4812e-01	8.2108e-02	197	3	200	0
NA	NA	3278_3275	NA	NA	NA	2.7260e-01	1.8821e-01	8	192	14	186
NA	NA	2076_2073	NA	NA	NA	7.5078e-01	5.2184e-01	6	194	4	196
NA	NA	3064_3062	NA	NA	NA	3.3268e-01	2.8175e-01	58	142	68	132
NA	NA	3320_3317	NA	NA	NA	6.8987e-01	5.9442e-01	168	32	164	36
NA	NA	2424_2421	NA	NA	NA	1.7813e-01	1.6222e-01	117	49	138	41
NA	NA	2030_2027	NA	NA	NA	1.8309e-02	1.5851e-02	77	38	100	24
NA	NA	341_339	NA	NA	NA	1.7741e-01	1.1658e-01	193	7	186	14
NA	NA	1597_1594	NA	NA	NA	1.0000e+00	7.1904e-01	54	2	58	3
NA	NA	3891_3888	NA	NA	NA	2.7654e-10	2.9295e-10	113	26	57	72
NA	NA	1195_1192	NA	NA	NA	1.0000e+00	9.9086e-01	63	10	76	12
NA	NA	4098_4096	NA	NA	NA	5.2823e-01	4.4893e-01	164	36	158	42
NA	NA	72_69	NA	NA	NA	6.7038e-01	5.7002e-01	173	27	169	31
NA	NA	4123_4112	NA	NA	NA	2.0414e-02	1.4927e-02	33	167	53	147
NA	NA	4116_4113	NA	NA	NA	1.0000e+00	9.9919e-01	25	142	22	125
NA	NA	4051_4048	NA	NA	NA	3.3978e-01	2.7523e-01	28	172	36	164
NA	NA	2747_2744	NA	NA	NA	8.4007e-01	7.6206e-01	115	85	112	88
NA	NA	2801_2798	NA	NA	NA	2.9006e-01	1.9877e-01	147	10	149	5
NA	NA	4090_4085	NA	NA	NA	4.2499e-01	3.6181e-01	48	152	56	144
NA	NA	4168_4165	NA	NA	NA	2.1743e-01	1.7501e-01	153	47	164	36
NA	NA	1775_1772	NA	NA	NA	2.9243e-01	1.8821e-01	5	195	10	190
NA	NA	398_395	NA	NA	NA	4.6776e-01	3.6352e-01	186	14	181	19
NA	NA	3062_3059	NA	NA	NA	8.4095e-01	7.6335e-01	107	93	110	90
NA	NA	3718_3713	NA	NA	NA	2.2579e-02	1.6632e-02	55	145	35	165
NA	NA	181_178	NA	NA	NA	3.1313e-01	2.4900e-01	176	24	168	32
NA	NA	927_924	NA	NA	NA	1.0000e+00	8.8456e-01	172	28	173	27
NA	NA	4093_4090	NA	NA	NA	1.0000e+00	1.0000e+00	199	1	199	1
NA	NA	1678_1675	NA	NA	NA	1.0000e+00	N/A	128	0	130	0
NA	NA	4014_4012	NA	NA	NA	7.5472e-01	6.7692e-01	130	70	126	74
NA	NA	4111_4108	NA	NA	NA	1.0000e+00	N/A	6	0	7	0
NA	NA	2400_2397	NA	NA	NA	1.0000e+00	8.5955e-01	18	182	17	183
NA	NA	4108_4105	NA	NA	NA	1.0000e+00	7.9676e-01	3	3	4	3
NA	NA	3507_3504	NA	NA	NA	7.8677e-01	5.8635e-01	194	6	192	8
NA	NA	3910_3907	NA	NA	NA	3.8166e-01	3.1731e-01	44	156	36	164
NA	NA	3811_3808	NA	NA	NA	1.0000e+00	9.1981e-01	112	88	111	89
NA	NA	3904_3901	NA	NA	NA	4.4685e-01	3.7469e-01	158	42	165	35
NA	NA	52_50	NA	NA	NA	2.2751e-01	1.9114e-01	83	117	96	104
NA	NA	2153_2151	NA	NA	NA	7.6394e-01	6.8879e-01	107	93	103	97
NA	NA	2804_2801	NA	NA	NA	1.3463e-01	1.2687e-01	57	100	69	85
NA	NA	1042_1039	NA	NA	NA	1.0000e+00	9.7338e-01	2	23	1	12
NA	NA	3887_3885	NA	NA	NA	1.0000e+00	8.1416e-01	190	10	191	9
NA	NA	3848_3845	NA	NA	NA	9.1654e-01	8.3394e-01	69	131	71	129
NA	NA	3885_3882	NA	NA	NA	5.9053e-01	5.1839e-01	60	140	66	134
NA	NA	2292_2289	NA	NA	NA	5.3608e-01	4.7029e-01	121	79	128	72
NA	NA	3879_3876	NA	NA	NA	8.3208e-02	6.6744e-02	90	110	72	128
NA	NA	2016_2013	NA	NA	NA	3.0709e-01	2.9809e-01	69	15	45	15
NA	NA	1643_1640	NA	NA	NA	1.4888e-01	1.3746e-01	98	19	92	29
NA	NA	3874_3871	NA	NA	NA	5.4071e-05	3.7256e-05	87	113	48	152
NA	NA	42_37	NA	NA	NA	6.0019e-01	4.2980e-01	6	194	9	191
NA	NA	929_927	NA	NA	NA	5.6752e-01	4.7450e-01	174	26	169	31
NA	NA	1178_1173	NA	NA	NA	1.0000e+00	1.0000e+00	31	169	31	169
NA	NA	3130_3127	NA	NA	NA	8.2699e-01	6.6093e-01	190	10	188	12
NA	NA	3475_3472	NA	NA	NA	6.9203e-03	4.6574e-03	46	39	19	43
NA	NA	1978_1975	NA	NA	NA	1.9690e-01	1.6310e-01	50	3	44	7
NA	NA	2349_2346	NA	NA	NA	1.0000e+00	1.0000e+00	6	194	6	194
NA	NA	1531_1528	NA	NA	NA	6.1364e-01	5.4454e-01	111	89	117	83
NA	NA	3866_3863	NA	NA	NA	3.6236e-01	2.9780e-01	32	168	40	160
NA	NA	3743_3740	NA	NA	NA	1.0000e+00	5.6223e-01	199	1	198	2
NA	NA	3863_3860	NA	NA	NA	3.8382e-01	3.0947e-01	169	31	176	24
NA	NA	3408_3405	NA	NA	NA	5.0529e-01	2.3779e-01	11	0	15	2
NA	NA	3524_3521	NA	NA	NA	2.3908e-01	2.0241e-01	82	100	68	109
NA	NA	2659_2656	NA	NA	NA	5.3739e-01	4.9082e-01	23	4	29	8
NA	NA	1685_1682	NA	NA	NA	4.8407e-01	4.1414e-01	52	148	45	155
NA	NA	1558_1555	NA	NA	NA	4.5843e-01	3.9673e-01	129	71	137	63
NA	NA	1584_1558	NA	NA	NA	6.8859e-01	6.1633e-01	104	96	109	91
NA	NA	2557_2554	NA	NA	NA	7.0899e-01	5.7480e-01	186	14	183	17
NA	NA	3854_3851	NA	NA	NA	8.2335e-01	7.3763e-01	146	54	143	57
NA	NA	2776_2773	NA	NA	NA	1.3281e-01	1.0896e-01	98	102	114	86
NA	NA	3636_3633	NA	NA	NA	8.3846e-01	7.5970e-01	121	79	118	82
NA	NA	3249_3246	NA	NA	NA	3.3108e-02	1.5655e-02	13	10	5	18
NA	NA	2685_2682	NA	NA	NA	3.8233e-01	2.7665e-01	4	1	43	35
NA	NA	3808_3785	NA	NA	NA	7.5645e-01	6.4135e-01	175	25	178	22
NA	NA	3578_3575	NA	NA	NA	1.0000e+00	4.6018e-01	0	4	1	7
NA	NA	3418_3404	NA	NA	NA	3.2729e-01	2.3968e-01	189	11	183	17
NA	NA	601_598	NA	NA	NA	7.5303e-03	5.8803e-03	60	10	30	17
NA	NA	4186_4183	NA	NA	NA	8.2383e-01	8.0092e-01	91	67	95	74
NA	NA	4054_4051	NA	NA	NA	6.6101e-01	5.5837e-01	29	171	25	175
NA	NA	4176_4173	NA	NA	NA	1.0000e+00	1.0000e+00	153	47	153	47
NA	NA	2571_2568	NA	NA	NA	1.0000e+00	1.0000e+00	47	153	47	153
NA	NA	3844_3841	NA	NA	NA	7.7934e-01	7.0668e-01	29	128	34	135
NA	NA	3447_3444	NA	NA	NA	1.0000e+00	9.8488e-01	47	50	43	46
NA	NA	2475_2472	NA	NA	NA	4.2529e-02	3.9204e-02	38	94	57	83
NA	NA	3746_3743	NA	NA	NA	4.2588e-01	3.1902e-01	184	16	189	11
NA	NA	3651_3648	NA	NA	NA	4.4107e-01	3.3500e-01	188	12	183	17
NA	NA	2568_2565	NA	NA	NA	3.1032e-01	2.5372e-01	166	34	157	43
NA	NA	3562_3548	NA	NA	NA	5.3993e-01	4.7449e-01	124	76	117	83
NA	NA	3197_3194	NA	NA	NA	3.1959e-07	2.9193e-07	145	33	107	82
NA	NA	3829_3826	NA	NA	NA	1.4142e-01	1.1525e-01	138	62	123	77
NA	NA	2250_2247	NA	NA	NA	1.0000e+00	8.5166e-01	15	185	16	184
NA	NA	727_707	NA	NA	NA	1.6336e-01	1.3346e-01	71	129	57	143
NA	NA	1324_1321	NA	NA	NA	5.1148e-01	3.8034e-01	9	191	13	187
NA	NA	3817_3814	NA	NA	NA	6.1062e-01	5.4111e-01	78	122	84	116
NA	NA	270_267	NA	NA	NA	1.0000e+00	8.8084e-01	26	174	25	175
NA	NA	3929_3926	NA	NA	NA	3.8253e-03	3.1710e-03	54	2	58	16
NA	NA	2851_2848	NA	NA	NA	1.2012e-02	9.8331e-03	130	16	116	33
NA	NA	3804_3801	NA	NA	NA	1.8001e-01	1.1014e-01	21	4	14	8
NA	NA	1614_1611	NA	NA	NA	8.3986e-01	8.2718e-01	65	16	52	14
NA	NA	3489_3486	NA	NA	NA	1.0000e+00	3.3045e-01	170	0	179	1
NA	NA	4151_4148	NA	NA	NA	3.0544e-01	2.4894e-01	33	167	42	158
NA	NA	3236_3234	NA	NA	NA	1.4754e-01	1.2083e-01	118	82	133	67
NA	NA	3329_3326	NA	NA	NA	6.3501e-12	5.0485e-12	131	69	62	138
NA	NA	1665_1663	NA	NA	NA	4.7771e-01	4.0736e-01	43	157	50	150
NA	NA	1391_1388	NA	NA	NA	9.1798e-01	8.3677e-01	125	75	123	77
NA	NA	685_682	NA	NA	NA	2.0654e-24	-8.8818e-16	25	152	122	65
NA	NA	3538_3535	NA	NA	NA	6.4319e-01	6.0408e-01	65	44	39	31
NA	NA	3568_3565	NA	NA	NA	3.2819e-01	2.7132e-01	162	38	153	47
NA	NA	3773_3770	NA	NA	NA	6.2508e-01	5.4111e-01	160	40	155	45
NA	NA	789_786	NA	NA	NA	7.8880e-01	6.7612e-01	79	7	72	8
NA	NA	1024_1021	NA	NA	NA	2.7209e-01	2.1670e-01	27	173	36	164
NA	NA	1063_1060	NA	NA	NA	4.9693e-01	3.1360e-01	161	1	164	0
NA	NA	2852_2823	NA	NA	NA	8.2029e-01	7.3317e-01	54	146	51	149
NA	NA	2451_2448	NA	NA	NA	8.4504e-01	6.9511e-01	187	13	185	15
NA	NA	3200_3197	NA	NA	NA	1.5738e-03	1.3822e-03	162	16	186	3
NA	NA	1577_1574	NA	NA	NA	5.2068e-02	4.8294e-02	81	15	66	25
NA	NA	588_585	NA	NA	NA	1.5685e-01	9.9874e-02	194	6	187	13
NA	NA	2859_2856	NA	NA	NA	1.0000e+00	8.2665e-01	51	9	56	11
NA	NA	367_364	NA	NA	NA	3.3285e-01	2.5850e-01	175	25	182	18
NA	NA	4215_4212	NA	NA	NA	1.0000e+00	9.1262e-01	117	33	117	32
NA	NA	3106_3103	NA	NA	NA	1.0000e+00	1.0000e+00	171	29	171	29
NA	NA	3080_3077	NA	NA	NA	1.0000e+00	5.6179e-01	153	1	152	2
NA	NA	3653_3651	NA	NA	NA	4.8080e-01	4.2034e-01	108	92	116	84
NA	NA	3108_3106	NA	NA	NA	1.0000e+00	8.0424e-01	8	192	9	191
NA	NA	2269_2266	NA	NA	NA	6.0256e-01	5.3197e-01	131	69	125	75
NA	NA	3073_3070	NA	NA	NA	1.0000e+00	N/A	0	200	0	200
NA	NA	3759_3756	NA	NA	NA	1.0000e+00	9.1924e-01	83	117	84	116
NA	NA	3999_3996	NA	NA	NA	6.3851e-01	5.5689e-01	155	45	150	50
NA	NA	3361_3359	NA	NA	NA	6.3941e-01	4.8069e-01	189	11	192	8
NA	NA	461_456	NA	NA	NA	6.7789e-02	4.5598e-02	11	189	22	178
NA	NA	3737_3734	NA	NA	NA	9.1037e-01	8.2179e-01	53	147	55	145
NA	NA	3292_3289	NA	NA	NA	6.8859e-01	6.1633e-01	109	91	104	96
NA	NA	2209_2206	NA	NA	NA	2.6028e-01	1.8441e-01	12	6	17	3
NA	NA	1887_1884	NA	NA	NA	1.0000e+00	9.1106e-01	59	7	54	6
NA	NA	592_589	NA	NA	NA	8.5073e-01	7.8812e-01	31	39	22	25
NA	NA	2794_2791	NA	NA	NA	2.0690e-03	2.2441e-03	184	16	197	3
NA	NA	3725_3722	NA	NA	NA	1.1896e-01	1.0198e-01	23	153	14	166
NA	NA	3717_3714	NA	NA	NA	1.3072e-02	1.1909e-02	63	82	49	116
NA	NA	3710_3708	NA	NA	NA	9.2800e-07	6.6501e-07	35	165	80	120
NA	NA	2703_2700	NA	NA	NA	1.0000e+00	8.9677e-01	31	118	30	110
NA	NA	4242_4239	NA	NA	NA	9.0099e-01	8.6990e-01	104	46	102	47
NA	NA	3156_3153	NA	NA	NA	1.0000e+00	1.0000e+00	165	35	165	35
NA	NA	1688_1685	NA	NA	NA	1.2294e-11	1.0558e-11	91	109	157	43
NA	NA	348_345	NA	NA	NA	3.2331e-01	2.9464e-01	80	51	75	62
NA	NA	3776_3773	NA	NA	NA	1.6130e-01	1.3349e-01	105	95	90	110
NA	NA	2129_2126	NA	NA	NA	3.4019e-27	-1.7764e-15	97	103	190	10
NA	NA	2588_2577	NA	NA	NA	8.8555e-01	7.7320e-01	29	171	27	173
NA	NA	2371_2369	NA	NA	NA	2.6918e-01	2.1961e-01	153	47	163	37
NA	NA	957_954	NA	NA	NA	9.2026e-01	8.4128e-01	94	106	96	104
NA	NA	2282_2279	NA	NA	NA	2.8216e-05	2.0490e-05	18	182	50	150
NA	NA	3694_3691	NA	NA	NA	1.1156e-01	6.5436e-02	4	196	11	189
NA	NA	3683_3678	NA	NA	NA	2.7538e-01	2.0332e-01	187	13	180	20
NA	NA	3966_3963	NA	NA	NA	8.3661e-01	7.5699e-01	77	123	74	126
NA	NA	3645_3642	NA	NA	NA	5.0061e-01	3.9935e-01	178	22	183	17
NA	NA	1603_1600	NA	NA	NA	1.0000e+00	8.6657e-01	51	5	55	6
NA	NA	3371_3368	NA	NA	NA	8.7518e-01	8.6367e-01	47	39	42	33
NA	NA	3792_3789	NA	NA	NA	7.6004e-01	7.2363e-01	17	8	16	6
NA	NA	1459_1454	NA	NA	NA	4.4511e-01	3.0743e-01	194	6	190	10
NA	NA	1420_1417	NA	NA	NA	6.8787e-01	6.1548e-01	107	93	112	88
NA	NA	2848_2845	NA	NA	NA	5.4942e-01	4.8344e-01	53	93	60	89
NA	NA	3028_3025	NA	NA	NA	2.6140e-01	2.1673e-01	151	49	140	60
NA	NA	2273_2270	NA	NA	NA	2.6396e-01	1.7507e-01	46	5	42	10
NA	NA	3423_3420	NA	NA	NA	4.5498e-01	3.4979e-01	182	18	187	13
NA	NA	2920_2917	NA	NA	NA	8.3256e-01	7.5108e-01	69	131	66	134
NA	NA	3668_3665	NA	NA	NA	5.7296e-03	3.3150e-03	18	35	32	19
NA	NA	2757_2754	NA	NA	NA	1.3307e-01	1.2742e-01	38	56	29	68
NA	NA	3633_3630	NA	NA	NA	6.7556e-01	6.0077e-01	132	68	127	73
NA	NA	973_971	NA	NA	NA	4.0933e-01	3.5326e-01	129	71	120	80
NA	NA	2239_2236	NA	NA	NA	9.1968e-01	8.4014e-01	88	112	86	114
NA	NA	2931_2928	NA	NA	NA	1.0000e+00	8.4710e-01	14	186	15	185
NA	NA	1544_1541	NA	NA	NA	1.0000e+00	9.6990e-01	39	8	43	9
NA	NA	3120_3117	NA	NA	NA	1.0000e+00	7.3244e-01	6	1	10	1
NA	NA	2355_2352	NA	NA	NA	1.0000e+00	1.0000e+00	167	33	167	33
NA	NA	494_491	NA	NA	NA	5.3087e-02	4.5072e-02	145	47	121	62
NA	NA	3180_3177	NA	NA	NA	1.4009e-01	8.6505e-02	9	186	3	187
NA	NA	4157_4154	NA	NA	NA	4.1734e-01	3.6150e-01	88	112	79	121
NA	NA	3604_3602	NA	NA	NA	4.6163e-01	4.0009e-01	127	73	135	65
NA	NA	2298_2295	NA	NA	NA	1.4753e-01	1.1899e-01	137	63	151	49
NA	NA	3588_3574	NA	NA	NA	3.8032e-01	2.4103e-01	196	4	192	8
NA	NA	3584_3581	NA	NA	NA	5.7576e-01	4.0763e-01	1	3	4	4
NA	NA	3113_3111	NA	NA	NA	9.0871e-01	8.1853e-01	150	50	148	52
NA	NA	2159_2156	NA	NA	NA	9.0493e-02	7.2243e-02	76	124	59	141
NA	NA	2875_2872	NA	NA	NA	5.9678e-01	5.0816e-01	37	163	32	168
NA	NA	3544_3541	NA	NA	NA	8.7720e-01	7.8347e-01	46	63	31	39
NA	NA	2906_2903	NA	NA	NA	1.0000e+00	1.0000e+00	181	19	181	19
NA	NA	1169_1166	NA	NA	NA	6.1938e-01	5.4728e-01	27	50	31	47
NA	NA	2193_2190	NA	NA	NA	1.0000e+00	8.9908e-01	162	38	161	39
NA	NA	3558_3555	NA	NA	NA	7.4234e-01	6.7369e-01	47	29	54	29
NA	NA	1134_1126	NA	NA	NA	1.7975e-02	1.3659e-02	111	89	135	65
NA	NA	3555_3552	NA	NA	NA	1.6887e-01	1.2845e-01	57	19	53	30
NA	NA	2689_2686	NA	NA	NA	9.1728e-02	8.8151e-02	186	14	176	24
NA	NA	2026_2023	NA	NA	NA	8.1560e-01	7.2635e-01	153	47	150	50
NA	NA	1835_1832	NA	NA	NA	1.2189e-01	4.9974e-02	98	4	96	0
NA	NA	2753_2750	NA	NA	NA	6.3346e-01	5.5094e-01	152	48	157	43
NA	NA	2735_2718	NA	NA	NA	4.5752e-01	3.7237e-01	23	177	29	171
NA	NA	3004_3001	NA	NA	NA	3.3345e-01	2.9645e-01	189	3	182	6
NA	NA	2526_2524	NA	NA	NA	3.4727e-01	2.9031e-01	157	43	148	52
NA	NA	2699_2696	NA	NA	NA	2.4882e-01	2.0841e-01	124	76	136	64
NA	NA	2137_2134	NA	NA	NA	5.9903e-01	5.2798e-01	134	66	128	72
NA	NA	1568_1565	NA	NA	NA	3.2533e-01	3.0017e-01	18	78	12	79
NA	NA	3089_3087	NA	NA	NA	4.3252e-01	3.5966e-01	161	39	168	32
NA	NA	2728_2725	NA	NA	NA	8.2974e-01	7.6665e-01	80	97	80	91
NA	NA	2725_2722	NA	NA	NA	5.3712e-02	4.7958e-02	56	121	38	133
NA	NA	442_440	NA	NA	NA	9.1273e-01	8.2643e-01	140	60	142	58
NA	NA	1623_1620	NA	NA	NA	1.1307e-01	9.8302e-02	78	3	59	7
NA	NA	2718_2716	NA	NA	NA	3.3472e-01	2.8378e-01	141	59	131	69
NA	NA	910_907	NA	NA	NA	2.5832e-01	2.1755e-01	83	117	71	129
NA	NA	2713_2710	NA	NA	NA	1.0000e+00	8.9472e-01	34	166	35	165
NA	NA	2710_2707	NA	NA	NA	2.8829e-01	2.1548e-01	21	179	14	186
NA	NA	1337_1334	NA	NA	NA	5.2368e-01	4.1831e-01	99	6	112	4
NA	NA	3005_2964	NA	NA	NA	4.9228e-01	3.5880e-01	8	192	12	188
NA	NA	2696_2693	NA	NA	NA	2.7534e-02	2.1098e-02	119	81	141	59
NA	NA	88_86	NA	NA	NA	1.0792e-06	7.3327e-07	61	139	110	90
NA	NA	377_375	NA	NA	NA	9.1088e-01	8.2279e-01	144	56	146	54
NA	NA	2682_2679	NA	NA	NA	7.5260e-02	5.4681e-02	5	0	44	34
NA	NA	2679_2676	NA	NA	NA	6.4606e-01	4.0807e-01	4	1	48	30
NA	NA	2673_2670	NA	NA	NA	1.0000e+00	6.1087e-01	1	4	24	54
NA	NA	2670_2667	NA	NA	NA	6.4424e-01	3.7924e-01	1	4	31	47
NA	NA	2666_2652	NA	NA	NA	2.1944e-01	1.7261e-01	173	27	163	37
NA	NA	2665_2662	NA	NA	NA	1.0000e+00	8.8243e-01	4	23	5	32
NA	NA	3599_3596	NA	NA	NA	3.2838e-01	2.7748e-01	66	134	56	144
NA	NA	2662_2659	NA	NA	NA	5.8614e-01	4.3247e-01	20	7	24	13
NA	NA	2656_2653	NA	NA	NA	6.1457e-01	5.4459e-01	14	13	22	15
NA	NA	3076_3073	NA	NA	NA	4.1565e-01	3.5977e-01	123	77	114	86
NA	NA	2161_2159	NA	NA	NA	6.1706e-01	5.4843e-01	105	95	99	101
NA	NA	2643_2641	NA	NA	NA	1.6983e-01	1.3714e-01	45	155	58	142
NA	NA	1574_1571	NA	NA	NA	2.2091e-02	1.6214e-02	90	6	75	16
NA	NA	2638_2635	NA	NA	NA	7.5265e-01	7.4927e-01	179	21	177	23
NA	NA	1223_1220	NA	NA	NA	7.7273e-17	-1.5543e-15	136	64	53	147
NA	NA	2635_2632	NA	NA	NA	2.3993e-01	1.9620e-01	42	158	53	147
NA	NA	3434_3431	NA	NA	NA	9.1431e-01	8.2955e-01	138	62	136	64
NA	NA	2632_2629	NA	NA	NA	4.1258e-01	3.4897e-01	44	156	52	148
NA	NA	2203_2200	NA	NA	NA	1.0000e+00	6.1194e-01	17	1	18	2
NA	NA	2629_2627	NA	NA	NA	1.2297e-01	9.2892e-02	164	36	176	24
NA	NA	525_522	NA	NA	NA	4.7591e-01	4.1516e-01	77	123	85	115
NA	NA	2413_2410	NA	NA	NA	1.0000e+00	9.3930e-01	54	25	40	18
NA	NA	2626_2623	NA	NA	NA	1.0000e+00	6.9795e-01	65	3	64	4
NA	NA	2620_2617	NA	NA	NA	6.0315e-01	4.8797e-01	37	31	41	27
NA	NA	3894_3891	NA	NA	NA	1.0000e+00	3.3446e-01	138	1	129	0
NA	NA	2616_2602	NA	NA	NA	1.0000e+00	9.1410e-01	63	137	62	138
NA	NA	3213_3184	NA	NA	NA	6.7789e-02	4.5598e-02	22	178	11	189
NA	NA	2615_2612	NA	NA	NA	7.1805e-01	6.7310e-01	67	70	71	67
NA	NA	2606_2603	NA	NA	NA	6.1729e-01	5.6224e-01	48	89	53	85
NA	NA	2286_2283	NA	NA	NA	1.0000e+00	8.8616e-01	27	15	27	16
NA	NA	2596_2593	NA	NA	NA	8.3371e-01	7.5275e-01	71	129	68	132
NA	NA	2593_2590	NA	NA	NA	7.6828e-01	6.5818e-01	25	175	28	172
NA	NA	796_793	NA	NA	NA	9.8475e-21	1.7764e-15	72	128	163	37
NA	NA	2609_2606	NA	NA	NA	8.4495e-03	6.5476e-03	106	31	86	52
NA	NA	1836_1831	NA	NA	NA	6.1711e-01	5.4849e-01	98	102	104	96
NA	NA	1296_1293	NA	NA	NA	7.6283e-01	6.8736e-01	87	113	91	109
NA	NA	2587_2584	NA	NA	NA	4.6567e-01	4.2601e-01	49	122	43	130
NA	NA	2584_2581	NA	NA	NA	1.2073e-02	9.3233e-03	85	86	62	111
NA	NA	3497_3494	NA	NA	NA	8.3527e-01	8.0079e-01	75	18	45	12
NA	NA	2581_2578	NA	NA	NA	5.1487e-01	4.5484e-01	79	92	73	100
NA	NA	2565_2562	NA	NA	NA	1.9527e-01	1.5447e-01	42	158	31	169
NA	NA	1808_1805	NA	NA	NA	8.4504e-01	6.9511e-01	13	187	15	185
NA	NA	2562_2559	NA	NA	NA	9.0150e-01	8.0436e-01	160	40	158	42
NA	NA	2552_2549	NA	NA	NA	8.3934e-01	7.6100e-01	115	85	118	82
NA	NA	2559_2557	NA	NA	NA	3.1077e-01	2.6007e-01	151	49	141	59
NA	NA	2549_2546	NA	NA	NA	1.0000e+00	8.6615e-01	180	20	181	19
NA	NA	77_75	NA	NA	NA	1.0000e+00	8.2994e-01	12	188	11	189
NA	NA	3087_3076	NA	NA	NA	1.0000e+00	1.0000e+00	46	154	46	154
NA	NA	2546_2538	NA	NA	NA	3.4852e-01	2.9757e-01	133	67	123	77
NA	NA	1668_1665	NA	NA	NA	3.6754e-01	3.1670e-01	100	100	110	90
NA	NA	2545_2542	NA	NA	NA	5.4252e-03	3.8618e-03	34	33	57	20
NA	NA	3176_3173	NA	NA	NA	1.0000e+00	7.3601e-01	195	5	196	4
NA	NA	2538_2535	NA	NA	NA	1.0712e-01	9.9874e-02	187	13	194	6
NA	NA	3838_3835	NA	NA	NA	8.9985e-01	8.8994e-01	41	116	43	126
NA	NA	2535_2532	NA	NA	NA	8.8381e-01	7.6980e-01	28	172	26	174
NA	NA	3700_3697	NA	NA	NA	9.0685e-01	8.1487e-01	47	153	49	151
NA	NA	2532_2529	NA	NA	NA	1.3357e-01	9.2379e-02	189	11	180	20
NA	NA	2886_2884	NA	NA	NA	1.5812e-01	1.2090e-01	35	165	24	176
NA	NA	1347_1344	NA	NA	NA	1.0000e+00	9.1981e-01	111	89	112	88
NA	NA	4042_4039	NA	NA	NA	4.1810e-01	3.6229e-01	120	80	111	89
NA	NA	2520_2517	NA	NA	NA	6.4012e-01	5.6479e-01	33	51	11	13
NA	NA	3996_3993	NA	NA	NA	1.4799e-23	-3.1086e-15	122	78	27	173
NA	NA	2868_2865	NA	NA	NA	4.9756e-01	1.7735e-01	60	0	65	2
NA	NA	2511_2508	NA	NA	NA	7.9226e-01	6.8123e-01	21	63	7	17
NA	NA	2508_2505	NA	NA	NA	2.3265e-01	1.4525e-01	66	18	22	2
NA	NA	2108_2105	NA	NA	NA	2.6449e-01	2.5850e-01	182	18	175	25
NA	NA	1182_1179	NA	NA	NA	7.3280e-01	7.2377e-01	44	77	20	31
NA	NA	2498_2496	NA	NA	NA	5.9903e-01	5.2798e-01	66	134	72	128
NA	NA	773_765	NA	NA	NA	1.4972e-01	1.2098e-01	50	150	64	136
NA	NA	3770_3767	NA	NA	NA	8.5801e-01	7.1991e-01	16	184	18	182
NA	NA	2496_2493	NA	NA	NA	2.2368e-01	1.8748e-01	77	123	90	110
NA	NA	2493_2482	NA	NA	NA	4.5124e-01	3.8918e-01	133	67	141	59
NA	NA	2492_2489	NA	NA	NA	4.8983e-02	3.4789e-02	26	41	34	25
NA	NA	3823_3820	NA	NA	NA	9.1754e-01	8.3591e-01	75	125	73	127
NA	NA	2489_2486	NA	NA	NA	8.0340e-01	7.7063e-01	9	58	9	50
NA	NA	2486_2483	NA	NA	NA	1.0000e+00	9.9095e-01	33	34	29	30
NA	NA	2479_2476	NA	NA	NA	8.9022e-01	7.8231e-01	30	170	32	168
NA	NA	1934_1931	NA	NA	NA	5.4055e-01	4.6479e-01	26	23	29	19
NA	NA	2476_2468	NA	NA	NA	4.5314e-01	3.9117e-01	68	132	60	140
NA	NA	1786_1783	NA	NA	NA	4.6729e-01	4.0605e-01	131	69	123	77
NA	NA	1364_1361	NA	NA	NA	6.4474e-01	5.3825e-01	26	174	22	178
NA	NA	2472_2469	NA	NA	NA	1.0000e+00	8.3499e-01	127	5	134	6
NA	NA	2554_2552	NA	NA	NA	8.9162e-01	7.8503e-01	33	167	31	169
NA	NA	2459_2456	NA	NA	NA	9.1654e-01	8.3394e-01	129	71	131	69
NA	NA	2448_2445	NA	NA	NA	7.3702e-01	6.5422e-01	57	143	53	147
NA	NA	1545_1534	NA	NA	NA	6.4318e-01	5.6239e-01	153	47	148	52
NA	NA	1321_1316	NA	NA	NA	2.2999e-01	1.9043e-01	66	134	54	146
NA	NA	938_935	NA	NA	NA	1.0000e+00	9.7042e-01	14	4	18	5
NA	NA	2445_2434	NA	NA	NA	8.2850e-01	7.4514e-01	137	63	140	60
NA	NA	1355_1353	NA	NA	NA	9.3689e-02	7.1429e-02	156	44	170	30
NA	NA	2441_2438	NA	NA	NA	1.0000e+00	8.8859e-01	50	13	47	13
NA	NA	856_853	NA	NA	NA	3.9433e-01	3.3023e-01	161	39	153	47
NA	NA	2425_2420	NA	NA	NA	8.0756e-02	5.9096e-02	34	166	21	179
NA	NA	505_502	NA	NA	NA	1.0000e+00	N/A	3	0	14	0
NA	NA	630_627	NA	NA	NA	6.4777e-02	2.7670e-02	2	6	9	3
NA	NA	2420_2403	NA	NA	NA	3.4905e-02	2.6922e-02	121	79	142	58
NA	NA	2419_2416	NA	NA	NA	6.5476e-01	5.9754e-01	64	15	49	9
NA	NA	2410_2407	NA	NA	NA	4.8864e-01	4.1917e-01	45	34	29	29
NA	NA	2397_2394	NA	NA	NA	5.9248e-01	5.0319e-01	31	169	36	164
NA	NA	2504_2501	NA	NA	NA	3.3863e-03	2.3359e-03	46	154	23	177
NA	NA	2151_2137	NA	NA	NA	1.0000e+00	9.1716e-01	73	127	72	128
NA	NA	2394_2391	NA	NA	NA	1.0000e+00	9.1981e-01	111	89	112	88
NA	NA	2652_2649	NA	NA	NA	7.3556e-01	6.5236e-01	144	56	148	52
NA	NA	2391_2388	NA	NA	NA	5.0969e-01	4.4167e-01	62	138	55	145
NA	NA	1752_1749	NA	NA	NA	9.0295e-03	6.4343e-03	52	148	30	170
NA	NA	2382_2379	NA	NA	NA	1.6517e-02	9.7173e-03	15	185	4	196
NA	NA	2379_2374	NA	NA	NA	1.1328e-01	8.8400e-02	50	150	36	164
NA	NA	1278_1275	NA	NA	NA	4.3383e-22	2.6645e-15	197	3	126	74
NA	NA	1991_1988	NA	NA	NA	2.4386e-01	2.0365e-01	61	139	73	127
NA	NA	2378_2375	NA	NA	NA	4.9775e-01	4.4944e-01	75	75	75	89
NA	NA	2374_2371	NA	NA	NA	6.0256e-01	5.3197e-01	131	69	125	75
NA	NA	1340_1337	NA	NA	NA	9.1430e-02	6.9158e-02	61	44	81	35
NA	NA	2367_2364	NA	NA	NA	1.0000e+00	8.8626e-01	29	171	28	172
NA	NA	2364_2361	NA	NA	NA	1.2173e-26	-1.9984e-15	133	67	30	170
NA	NA	2358_2355	NA	NA	NA	3.1355e-01	2.6281e-01	150	50	140	60
NA	NA	2989_2986	NA	NA	NA	1.5428e-01	1.4437e-01	137	55	121	67
NA	NA	2352_2349	NA	NA	NA	2.6657e-01	2.2554e-01	80	120	92	108
NA	NA	1388_1383	NA	NA	NA	3.1716e-01	2.7118e-01	92	108	103	97
NA	NA	2346_2344	NA	NA	NA	2.7400e-10	2.4785e-10	89	111	31	169
NA	NA	2341_2339	NA	NA	NA	1.0000e+00	9.1410e-01	63	137	62	138
NA	NA	1547_1545	NA	NA	NA	1.0752e-01	8.7368e-02	119	81	102	98
NA	NA	3368_3365	NA	NA	NA	1.5205e-01	1.1704e-01	33	53	38	37
NA	NA	2336_2333	NA	NA	NA	8.9740e-02	6.4838e-02	30	170	18	182
NA	NA	2333_2330	NA	NA	NA	5.8177e-01	5.0852e-01	145	55	139	61
NA	NA	2312_2307	NA	NA	NA	6.4751e-01	5.6749e-01	151	49	146	54
NA	NA	2307_2304	NA	NA	NA	1.0573e-01	8.5768e-02	123	77	106	94
NA	NA	2304_2301	NA	NA	NA	8.3195e-01	7.5018e-01	132	68	135	65
NA	NA	2910_2907	NA	NA	NA	1.0000e+00	9.4732e-01	31	160	30	152
NA	NA	2301_2298	NA	NA	NA	1.0000e+00	1.0000e+00	31	169	31	169
NA	NA	2295_2292	NA	NA	NA	1.0000e+00	1.0000e+00	42	158	42	158
NA	NA	875_872	NA	NA	NA	5.4243e-01	4.9448e-01	88	54	80	58
NA	NA	2287_2282	NA	NA	NA	1.0000e+00	9.0272e-01	158	42	157	43
NA	NA	866_863	NA	NA	NA	6.8915e-01	6.7835e-01	105	37	99	39
NA	NA	1703_1700	NA	NA	NA	2.8624e-05	3.7679e-05	192	8	167	33
NA	NA	1441_1438	NA	NA	NA	2.1418e-01	2.0551e-01	134	46	148	37
NA	NA	2279_2277	NA	NA	NA	5.0617e-11	3.6300e-10	197	3	157	43
NA	NA	2704_2699	NA	NA	NA	3.7173e-01	3.1490e-01	51	149	60	140
NA	NA	2277_2269	NA	NA	NA	1.0000e+00	9.0896e-01	149	51	148	52
NA	NA	2276_2273	NA	NA	NA	1.0382e-02	7.8404e-03	20	31	34	18
NA	NA	3173_3171	NA	NA	NA	6.0467e-01	5.3436e-01	123	77	129	71
NA	NA	2266_2263	NA	NA	NA	2.4655e-01	2.0250e-01	156	44	145	55
NA	NA	319_316	NA	NA	NA	1.0000e+00	8.8765e-01	18	62	22	72
NA	NA	2263_2258	NA	NA	NA	3.6776e-01	3.1692e-01	91	109	101	99
NA	NA	1734_1732	NA	NA	NA	2.8275e-01	2.3740e-01	69	131	58	142
NA	NA	2262_2259	NA	NA	NA	7.9931e-02	6.5817e-02	22	87	31	68
NA	NA	2258_2255	NA	NA	NA	1.0000e+00	1.0000e+00	14	186	14	186
NA	NA	158_153	NA	NA	NA	3.6903e-01	3.1217e-01	150	50	141	59
NA	NA	3678_3675	NA	NA	NA	2.3466e-02	1.6528e-02	38	162	21	179
NA	NA	2244_2241	NA	NA	NA	3.1957e-01	2.6281e-01	45	155	36	164
NA	NA	2236_2233	NA	NA	NA	6.4531e-02	5.1176e-02	68	132	87	113
NA	NA	1594_1591	NA	NA	NA	7.1156e-01	6.2326e-01	31	25	31	30
NA	NA	2064_2061	NA	NA	NA	4.4996e-01	3.6435e-01	22	178	28	172
NA	NA	2233_2230	NA	NA	NA	5.8177e-01	5.0852e-01	139	61	145	55
NA	NA	1188_1185	NA	NA	NA	3.9953e-01	3.2120e-01	66	55	32	19
NA	NA	2230_2228	NA	NA	NA	1.0000e+00	7.0297e-01	4	196	3	197
NA	NA	1403_1400	NA	NA	NA	4.6776e-01	3.6352e-01	19	181	14	186
NA	NA	2228_2225	NA	NA	NA	3.0470e-02	2.4438e-02	5	195	0	200
NA	NA	1550_1547	NA	NA	NA	4.6855e-01	4.0739e-01	78	122	70	130
NA	NA	2225_2222	NA	NA	NA	9.0618e-01	8.1355e-01	152	48	154	46
NA	NA	1444_1441	NA	NA	NA	2.9405e-01	2.8842e-01	149	31	145	40
NA	NA	2222_2193	NA	NA	NA	8.6484e-01	7.3307e-01	182	18	180	20
NA	NA	2215_2212	NA	NA	NA	2.3841e-01	1.5385e-01	16	2	14	6
NA	NA	1492_1489	NA	NA	NA	4.1580e-01	3.8735e-01	19	106	26	109
NA	NA	3870_3867	NA	NA	NA	4.4324e-01	2.5339e-01	82	2	80	5
NA	NA	2212_2209	NA	NA	NA	2.7785e-01	2.0003e-01	15	3	13	7
NA	NA	1482_1479	NA	NA	NA	8.6484e-01	7.3307e-01	20	180	18	182
NA	NA	2189_2186	NA	NA	NA	3.7021e-04	3.5557e-04	67	6	49	23
NA	NA	2627_2616	NA	NA	NA	1.0000e+00	1.0000e+00	132	68	132	68
NA	NA	2197_2194	NA	NA	NA	7.4464e-01	5.3590e-01	9	9	12	8
NA	NA	1600_1597	NA	NA	NA	8.4867e-01	7.1944e-01	34	22	39	22
NA	NA	1827_1824	NA	NA	NA	1.0000e+00	9.0085e-01	19	33	60	100
NA	NA	2183_2180	NA	NA	NA	3.9785e-01	3.4246e-01	32	41	26	46
NA	NA	2177_2174	NA	NA	NA	1.0000e+00	7.7193e-01	67	6	67	5
NA	NA	2171_2168	NA	NA	NA	3.0874e-01	2.6129e-01	41	32	47	25
NA	NA	1506_1503	NA	NA	NA	4.0968e-03	3.1155e-03	63	105	88	76
NA	NA	2167_2164	NA	NA	NA	5.4953e-01	4.7250e-01	152	48	158	42
NA	NA	2734_2731	NA	NA	NA	1.9857e-02	1.7457e-02	28	149	13	158
NA	NA	1831_1808	NA	NA	NA	3.4204e-28	1.7764e-15	148	52	40	160
NA	NA	1059_1057	NA	NA	NA	4.2165e-01	3.6595e-01	114	86	105	95
NA	NA	2164_2161	NA	NA	NA	8.7323e-01	7.4927e-01	23	177	21	179
NA	NA	2156_2153	NA	NA	NA	8.3618e-01	7.5637e-01	124	76	127	73
NA	NA	2150_2147	NA	NA	NA	2.4712e-01	2.1575e-01	83	44	74	54
NA	NA	663_660	NA	NA	NA	2.4655e-01	2.0250e-01	55	145	44	156
NA	NA	2144_2141	NA	NA	NA	7.0720e-01	6.6345e-01	66	61	70	58
NA	NA	2141_2138	NA	NA	NA	6.6521e-01	5.8818e-01	97	30	94	34
NA	NA	989_986	NA	NA	NA	3.3898e-01	2.7677e-01	93	23	80	28
NA	NA	3132_3130	NA	NA	NA	4.8080e-01	4.2034e-01	84	116	92	108
NA	NA	2134_2131	NA	NA	NA	4.7038e-01	3.3466e-01	11	189	7	193
NA	NA	2131_2129	NA	NA	NA	6.8513e-01	4.1068e-01	196	4	198	2
NA	NA	2125_2122	NA	NA	NA	2.6065e-01	2.3500e-01	42	119	48	101
NA	NA	2121_2113	NA	NA	NA	2.7730e-01	2.2743e-01	151	49	161	39
NA	NA	2120_2117	NA	NA	NA	5.0402e-01	4.3477e-01	19	30	12	27
NA	NA	2827_2824	NA	NA	NA	7.8554e-01	6.1095e-01	6	140	8	141
NA	NA	2113_2110	NA	NA	NA	1.0000e+00	9.0506e-01	46	154	45	155
NA	NA	2110_2108	NA	NA	NA	2.2050e-01	1.8145e-01	138	62	150	50
NA	NA	2126_2121	NA	NA	NA	1.8762e-01	1.5076e-01	39	161	51	149
NA	NA	1769_1766	NA	NA	NA	1.4719e-01	1.4342e-01	178	22	168	32
NA	NA	913_910	NA	NA	NA	1.0000e+00	1.0000e+00	183	17	183	17
NA	NA	2105_2102	NA	NA	NA	3.1624e-02	2.2831e-02	42	158	25	175
NA	NA	2247_2244	NA	NA	NA	3.7141e-03	2.7074e-03	111	89	140	60
NA	NA	2099_2096	NA	NA	NA	1.4005e-01	1.1400e-01	124	76	139	61
NA	NA	2085_2082	NA	NA	NA	4.0203e-01	3.3812e-01	41	159	49	151
NA	NA	2022_2019	NA	NA	NA	1.0000e+00	9.4711e-01	20	64	14	46
NA	NA	2082_2079	NA	NA	NA	1.0000e+00	8.2262e-01	11	189	10	190
NA	NA	2079_2076	NA	NA	NA	6.7878e-01	5.8052e-01	29	171	33	167
NA	NA	3623_3620	NA	NA	NA	1.0000e+00	9.7260e-01	35	16	28	13
NA	NA	2009_2007	NA	NA	NA	2.2147e-01	1.7879e-01	37	163	48	152
NA	NA	2073_2070	NA	NA	NA	5.0529e-01	4.3692e-01	140	60	147	53
NA	NA	4063_4060	NA	NA	NA	1.3344e-01	1.0953e-01	106	94	90	110
NA	NA	2070_2067	NA	NA	NA	2.0150e-23	-1.7764e-15	127	73	31	169
NA	NA	361_358	NA	NA	NA	3.6111e-01	3.1022e-01	112	88	122	78
NA	NA	762_760	NA	NA	NA	2.6163e-01	1.9054e-01	19	181	12	188
NA	NA	2067_2064	NA	NA	NA	3.6854e-01	2.9401e-01	171	29	178	22
NA	NA	2623_2620	NA	NA	NA	7.6379e-01	5.4542e-01	63	5	61	7
NA	NA	1333_1330	NA	NA	NA	4.9157e-18	3.1086e-15	105	95	25	175
NA	NA	2058_2055	NA	NA	NA	3.6573e-01	3.1488e-01	115	85	105	95
NA	NA	2055_2052	NA	NA	NA	8.3315e-01	7.5193e-01	133	67	130	70
NA	NA	3478_3475	NA	NA	NA	3.5858e-01	3.1563e-01	58	27	47	15
NA	NA	2049_2046	NA	NA	NA	3.4745e-01	2.3986e-01	12	188	7	193
NA	NA	2046_2043	NA	NA	NA	4.7755e-01	4.1690e-01	87	113	79	121
NA	NA	1880_1877	NA	NA	NA	3.5390e-01	3.0296e-01	129	71	119	81
NA	NA	1066_1063	NA	NA	NA	7.3193e-01	6.6791e-01	63	99	60	104
NA	NA	2385_2382	NA	NA	NA	2.8404e-01	2.2818e-01	162	38	171	29
NA	NA	2043_2026	NA	NA	NA	4.1474e-01	3.5882e-01	85	115	76	124
NA	NA	4130_4127	NA	NA	NA	1.0000e+00	8.6524e-01	28	41	29	45
NA	NA	2456_2453	NA	NA	NA	1.0000e+00	8.3635e-01	13	187	12	188
NA	NA	2042_2039	NA	NA	NA	7.6498e-02	5.4352e-02	103	12	119	5
NA	NA	2036_2033	NA	NA	NA	5.7395e-01	4.7366e-01	110	5	116	8
NA	NA	1716_1713	NA	NA	NA	1.0000e+00	N/A	0	0	0	0
NA	NA	2033_2030	NA	NA	NA	8.7396e-01	8.5310e-01	23	92	26	98
NA	NA	3521_3518	NA	NA	NA	2.3616e-01	2.0073e-01	16	166	23	154
NA	NA	3067_3064	NA	NA	NA	8.2996e-01	7.4728e-01	138	62	135	65
NA	NA	2023_2012	NA	NA	NA	1.6439e-02	1.2419e-02	116	84	140	60
NA	NA	222_220	NA	NA	NA	6.5490e-01	5.0124e-01	191	9	188	12
NA	NA	3227_3216	NA	NA	NA	1.3145e-01	1.0253e-01	46	154	33	167
NA	NA	3958_3955	NA	NA	NA	7.4717e-01	6.2820e-01	23	177	20	180
NA	NA	2744_2741	NA	NA	NA	5.0055e-01	4.3182e-01	149	51	142	58
NA	NA	2019_2016	NA	NA	NA	1.9253e-02	1.2074e-02	63	21	33	27
NA	NA	3135_3132	NA	NA	NA	1.0000e+00	1.0000e+00	5	195	5	195
NA	NA	1850_1847	NA	NA	NA	9.2030e-01	8.4136e-01	95	105	97	103
NA	NA	2012_2009	NA	NA	NA	1.0000e+00	9.1515e-01	135	65	134	66
NA	NA	1312_1309	NA	NA	NA	9.1303e-01	9.0731e-01	82	86	79	85
NA	NA	1303_1300	NA	NA	NA	5.9557e-01	5.5367e-01	162	6	156	8
NA	NA	3389_3386	NA	NA	NA	3.4082e-05	3.3670e-05	43	43	61	14
NA	NA	2147_2144	NA	NA	NA	3.6812e-01	3.4110e-01	52	75	45	83
NA	NA	2004_2002	NA	NA	NA	5.5733e-01	4.3312e-01	184	16	188	12
NA	NA	2002_1991	NA	NA	NA	1.0000e+00	1.0000e+00	20	180	20	180
NA	NA	1998_1995	NA	NA	NA	8.9919e-01	7.9985e-01	141	39	139	41
NA	NA	2428_2425	NA	NA	NA	7.3976e-01	6.5773e-01	55	145	59	141
NA	NA	1995_1992	NA	NA	NA	3.7058e-01	3.0609e-01	137	43	145	35
NA	NA	1988_1985	NA	NA	NA	3.9092e-01	3.1670e-01	168	32	175	25
NA	NA	265_262	NA	NA	NA	9.0812e-01	8.1736e-01	49	151	51	149
NA	NA	3807_3804	NA	NA	NA	3.6205e-01	2.3370e-01	14	11	16	6
NA	NA	1972_1969	NA	NA	NA	4.7422e-01	3.9035e-01	13	40	9	42
NA	NA	2330_2327	NA	NA	NA	7.5735e-01	6.8031e-01	126	74	122	78
NA	NA	2431_2428	NA	NA	NA	2.6463e-02	1.9150e-02	155	45	173	27
NA	NA	1965_1962	NA	NA	NA	1.5065e-01	1.2369e-01	115	85	130	70
NA	NA	1652_1650	NA	NA	NA	4.8285e-02	3.7788e-02	63	137	83	117
NA	NA	1962_1959	NA	NA	NA	9.1596e-01	8.3281e-01	133	67	131	69
NA	NA	1956_1953	NA	NA	NA	8.8875e-01	7.7943e-01	171	29	169	31
NA	NA	1953_1950	NA	NA	NA	6.1889e-01	5.3387e-01	43	157	38	162
NA	NA	1950_1947	NA	NA	NA	5.3491e-01	4.3754e-01	174	26	179	21
NA	NA	1947_1944	NA	NA	NA	3.5932e-01	3.0841e-01	86	114	76	124
NA	NA	1045_1042	NA	NA	NA	4.5731e-01	3.5105e-01	6	19	5	8
NA	NA	1479_1476	NA	NA	NA	2.2707e-01	1.4786e-01	194	6	188	12
NA	NA	1377_1375	NA	NA	NA	1.0269e-01	8.3047e-02	111	89	128	72
NA	NA	1842_1839	NA	NA	NA	6.8814e-01	6.1580e-01	94	106	89	111
NA	NA	1931_1928	NA	NA	NA	2.8862e-01	2.5241e-01	35	14	29	19
NA	NA	1052_1049	NA	NA	NA	6.1697e-01	5.4833e-01	100	100	94	106
NA	NA	4022_4019	NA	NA	NA	6.5867e-01	5.8070e-01	55	145	60	140
NA	NA	2186_2183	NA	NA	NA	4.7366e-01	3.9988e-01	48	25	52	20
NA	NA	1928_1925	NA	NA	NA	8.3421e-01	7.7356e-01	17	32	18	30
NA	NA	3431_3428	NA	NA	NA	4.5843e-01	3.9673e-01	129	71	137	63
NA	NA	1921_1918	NA	NA	NA	3.4040e-01	2.8944e-01	128	72	138	62
NA	NA	971_968	NA	NA	NA	4.3088e-13	3.8236e-13	77	123	149	51
NA	NA	1521_1518	NA	NA	NA	3.6935e-01	3.4295e-01	98	70	104	60
NA	NA	1918_1910	NA	NA	NA	3.5584e-02	3.4427e-02	178	22	163	37
NA	NA	1914_1911	NA	NA	NA	7.8467e-01	6.0293e-01	8	14	16	21
NA	NA	336_334	NA	NA	NA	4.4593e-02	3.1232e-02	17	183	31	169
NA	NA	1400_1397	NA	NA	NA	1.8496e-03	1.3372e-03	91	109	123	77
NA	NA	1910_1908	NA	NA	NA	1.0000e+00	9.0272e-01	42	158	43	157
NA	NA	1503_1500	NA	NA	NA	1.6568e-01	1.4443e-01	104	64	114	50
NA	NA	1908_1905	NA	NA	NA	5.6119e-01	4.8547e-01	148	52	154	46
NA	NA	1905_1902	NA	NA	NA	7.0899e-01	5.7480e-01	183	17	186	14
NA	NA	4267_4264	NA	NA	NA	1.4663e-01	1.1369e-01	84	9	85	18
NA	NA	4259_4256	NA	NA	NA	1.0000e+00	8.8571e-01	79	18	96	23
NA	NA	3593_3590	NA	NA	NA	1.5911e-01	1.3147e-01	118	82	103	97
NA	NA	1902_1899	NA	NA	NA	4.2499e-01	3.6181e-01	56	144	48	152
NA	NA	1899_1896	NA	NA	NA	1.0000e+00	1.0000e+00	185	15	185	15
NA	NA	1869_1866	NA	NA	NA	1.8314e-01	1.2885e-01	11	189	19	181
NA	NA	3942_3939	NA	NA	NA	4.7899e-01	4.1843e-01	89	111	81	119
NA	NA	1350_1347	NA	NA	NA	2.0082e-01	1.2579e-01	5	195	11	189
NA	NA	2324_2321	NA	NA	NA	7.5610e-01	6.7869e-01	124	76	128	72
NA	NA	1896_1893	NA	NA	NA	1.0000e+00	9.2012e-01	107	93	108	92
NA	NA	1891_1880	NA	NA	NA	5.9053e-01	5.1839e-01	134	66	140	60
NA	NA	1361_1358	NA	NA	NA	2.4937e-01	1.5626e-01	198	2	200	0
NA	NA	1320_1317	NA	NA	NA	8.2097e-01	6.6611e-01	123	11	136	10
NA	NA	1890_1887	NA	NA	NA	4.9668e-02	3.5073e-02	14	52	23	37
NA	NA	1884_1881	NA	NA	NA	4.0440e-01	3.4416e-01	57	9	55	5
NA	NA	3517_3514	NA	NA	NA	1.0000e+00	8.9219e-01	32	168	33	167
NA	NA	1877_1874	NA	NA	NA	1.8880e-01	1.8441e-01	178	22	169	31
NA	NA	1729_1726	NA	NA	NA	2.6924e-01	2.2429e-01	63	137	52	148
NA	NA	3686_3683	NA	NA	NA	1.8029e-01	1.4079e-01	39	161	28	172
NA	NA	1874_1872	NA	NA	NA	8.2699e-01	6.6093e-01	188	12	190	10
NA	NA	3440_3437	NA	NA	NA	7.3043e-01	6.0465e-01	180	20	183	17
NA	NA	1872_1869	NA	NA	NA	1.2217e-01	9.6238e-02	147	53	161	39
NA	NA	3882_3879	NA	NA	NA	1.0000e+00	1.0000e+00	104	96	104	96
NA	NA	1864_1861	NA	NA	NA	2.4309e-01	1.8242e-01	176	24	184	16
NA	NA	1861_1858	NA	NA	NA	2.7209e-01	2.1670e-01	36	164	27	173
NA	NA	1858_1855	NA	NA	NA	1.1592e-01	8.8912e-02	29	171	42	158
NA	NA	1855_1852	NA	NA	NA	1.0000e+00	3.1670e-01	199	1	200	0
NA	NA	1852_1850	NA	NA	NA	1.0000e+00	9.1763e-01	126	74	125	75
NA	NA	2462_2459	NA	NA	NA	1.4813e-02	7.6030e-03	200	0	193	7
NA	NA	1847_1845	NA	NA	NA	2.0389e-01	1.6586e-01	144	56	156	44
NA	NA	1845_1842	NA	NA	NA	2.4937e-01	1.5626e-01	198	2	200	0
NA	NA	1830_1827	NA	NA	NA	3.8348e-08	1.6772e-08	17	35	121	39
NA	NA	1824_1821	NA	NA	NA	2.6373e-01	2.0160e-01	22	30	84	76
NA	NA	4089_4086	NA	NA	NA	7.3936e-01	6.3309e-01	129	23	125	19
NA	NA	1815_1812	NA	NA	NA	1.0000e+00	7.1209e-01	48	4	145	15
NA	NA	1805_1802	NA	NA	NA	6.8912e-01	6.1697e-01	105	95	100	100
NA	NA	1275_1272	NA	NA	NA	2.5589e-01	2.1521e-01	69	131	81	119
NA	NA	1802_1800	NA	NA	NA	1.0000e+00	8.8626e-01	171	29	172	28
NA	NA	1800_1797	NA	NA	NA	3.6580e-24	-6.6613e-16	70	130	168	32
NA	NA	1647_1644	NA	NA	NA	3.6031e-01	2.8574e-01	28	172	21	179
NA	NA	2361_2358	NA	NA	NA	1.2297e-01	9.2892e-02	164	36	176	24
NA	NA	1797_1792	NA	NA	NA	6.2205e-01	5.3757e-01	156	44	161	39
NA	NA	1509_1506	NA	NA	NA	5.7184e-01	5.3370e-01	102	66	105	59
NA	NA	1792_1789	NA	NA	NA	3.2729e-01	2.3968e-01	183	17	189	11
NA	NA	2836_2833	NA	NA	NA	2.5109e-02	2.1912e-02	133	13	145	4
NA	NA	1789_1786	NA	NA	NA	2.6154e-01	2.2067e-01	114	86	126	74
NA	NA	1780_1777	NA	NA	NA	1.9318e-01	1.6118e-01	89	111	103	97
NA	NA	1766_1758	NA	NA	NA	1.9597e-16	2.4425e-15	112	88	183	17
NA	NA	717_714	NA	NA	NA	2.8276e-01	2.7378e-01	97	32	99	44
NA	NA	4221_4218	NA	NA	NA	1.0000e+00	9.5955e-01	85	65	84	65
NA	NA	2444_2441	NA	NA	NA	2.0799e-01	1.0662e-01	58	5	59	1
NA	NA	1765_1762	NA	NA	NA	6.9557e-01	5.6764e-01	77	11	14	3
NA	NA	1762_1759	NA	NA	NA	4.5836e-01	3.2356e-01	13	75	1	16
NA	NA	765_762	NA	NA	NA	7.0899e-01	5.7480e-01	17	183	14	186
NA	NA	1755_1752	NA	NA	NA	1.0000e+00	7.3601e-01	5	195	4	196
NA	NA	1108_1105	NA	NA	NA	4.8257e-01	4.2222e-01	88	112	96	104
NA	NA	1749_1746	NA	NA	NA	6.7469e-01	5.7540e-01	28	172	32	168
NA	NA	1746_1743	NA	NA	NA	5.3266e-01	4.6657e-01	131	69	124	76
NA	NA	1743_1740	NA	NA	NA	1.0000e+00	1.0000e+00	6	194	6	194
NA	NA	1732_1729	NA	NA	NA	6.8218e-01	6.0867e-01	119	81	124	76
NA	NA	1153_1150	NA	NA	NA	1.0000e+00	9.0272e-01	157	43	158	42
NA	NA	1726_1723	NA	NA	NA	2.2599e-02	1.5564e-02	167	33	183	17
NA	NA	2797_2794	NA	NA	NA	6.5152e-01	5.7223e-01	144	56	149	51
NA	NA	1723_1720	NA	NA	NA	8.1923e-01	6.4636e-01	191	9	189	11
NA	NA	1719_1716	NA	NA	NA	1.0000e+00	N/A	0	0	0	0
NA	NA	281_278	NA	NA	NA	3.5390e-01	3.0296e-01	81	119	71	129
NA	NA	1682_1668	NA	NA	NA	9.1680e-01	8.3446e-01	72	128	70	130
NA	NA	1706_1703	NA	NA	NA	7.3976e-01	6.5773e-01	141	59	145	55
NA	NA	1700_1697	NA	NA	NA	6.3207e-01	5.2269e-01	176	24	180	20
NA	NA	1694_1691	NA	NA	NA	2.9797e-01	2.3428e-01	22	178	30	170
NA	NA	3919_3916	NA	NA	NA	1.0000e+00	8.2994e-01	12	188	11	189
NA	NA	1675_1672	NA	NA	NA	8.9645e-01	8.2415e-01	82	46	85	45
NA	NA	1663_1660	NA	NA	NA	8.1684e-01	7.2816e-01	152	48	149	51
NA	NA	1660_1657	NA	NA	NA	6.7350e-01	5.9832e-01	71	129	66	134
NA	NA	1657_1652	NA	NA	NA	8.3376e-01	6.7370e-01	13	187	11	189
NA	NA	3097_3092	NA	NA	NA	1.3350e-01	1.0958e-01	109	91	93	107
NA	NA	1656_1653	NA	NA	NA	1.0628e-02	8.5053e-03	163	24	145	44
NA	NA	1639_1636	NA	NA	NA	1.0000e+00	6.5269e-01	2	198	3	197
NA	NA	1636_1633	NA	NA	NA	6.8031e-01	5.3547e-01	14	186	11	189
NA	NA	1633_1630	NA	NA	NA	2.1967e-03	1.5219e-03	51	149	26	174
NA	NA	114_111	NA	NA	NA	6.1255e-01	5.4330e-01	87	113	81	119
NA	NA	1630_1627	NA	NA	NA	7.7176e-01	6.6315e-01	29	171	26	174
NA	NA	193_190	NA	NA	NA	1.5787e-01	1.2841e-01	146	54	132	68
NA	NA	1571_1568	NA	NA	NA	1.9268e-01	1.4504e-01	11	85	5	86
NA	NA	1626_1623	NA	NA	NA	5.0688e-01	4.6594e-01	43	38	39	27
NA	NA	985_982	NA	NA	NA	3.9274e-03	2.6954e-03	157	43	179	21
NA	NA	1620_1617	NA	NA	NA	1.0000e+00	1.0000e+00	27	54	22	44
NA	NA	1617_1614	NA	NA	NA	8.6208e-02	7.1216e-02	35	46	19	47
NA	NA	4065_4063	NA	NA	NA	1.1959e-06	8.1090e-07	113	87	64	136
NA	NA	1611_1608	NA	NA	NA	1.7577e-01	1.2880e-01	44	37	44	22
NA	NA	3050_3047	NA	NA	NA	1.0000e+00	9.3719e-01	8	1	9	1
NA	NA	1607_1604	NA	NA	NA	5.4844e-01	4.8379e-01	94	106	101	99
NA	NA	2892_2889	NA	NA	NA	8.8749e-02	7.1633e-02	113	87	95	105
NA	NA	3262_3259	NA	NA	NA	1.0000e+00	8.9219e-01	168	32	167	33
NA	NA	1604_1584	NA	NA	NA	6.6029e-01	5.8262e-01	144	56	139	61
NA	NA	153_151	NA	NA	NA	9.1467e-01	8.3026e-01	137	63	135	65
NA	NA	1591_1588	NA	NA	NA	1.0000e+00	8.6507e-01	33	23	35	26
NA	NA	3734_3731	NA	NA	NA	8.4504e-01	6.9511e-01	187	13	185	15
NA	NA	2102_2099	NA	NA	NA	1.0000e+00	8.6299e-01	19	181	18	182
NA	NA	1588_1585	NA	NA	NA	2.0916e-01	1.1630e-01	55	1	56	5
NA	NA	3234_3232	NA	NA	NA	1.0000e+00	1.0000e+00	199	1	199	1
NA	NA	1583_1580	NA	NA	NA	3.0826e-13	3.7807e-11	37	59	0	91
NA	NA	850_847	NA	NA	NA	3.8609e-01	3.2948e-01	134	66	143	57
NA	NA	1260_1257	NA	NA	NA	1.7582e-07	1.2292e-07	101	99	152	48
NA	NA	1565_1562	NA	NA	NA	3.0227e-01	2.4972e-01	50	46	55	36
NA	NA	1812_1809	NA	NA	NA	6.7243e-02	4.5726e-02	37	15	134	26
NA	NA	1552_1550	NA	NA	NA	7.3842e-01	6.5601e-01	54	146	58	142
NA	NA	1541_1538	NA	NA	NA	1.0000e+00	9.4240e-01	46	1	51	1
NA	NA	1672_1669	NA	NA	NA	7.2476e-02	6.0779e-02	43	85	30	100
NA	NA	1534_1531	NA	NA	NA	4.4107e-01	3.3500e-01	188	12	183	17
NA	NA	1524_1521	NA	NA	NA	8.6272e-02	5.2814e-02	158	10	161	3
NA	NA	4045_4042	NA	NA	NA	2.1348e-01	1.6710e-01	164	36	174	26
NA	NA	3907_3904	NA	NA	NA	6.1062e-01	5.4111e-01	84	116	78	122
NA	NA	1518_1515	NA	NA	NA	1.2842e-02	1.0996e-02	93	75	113	51
NA	NA	1512_1509	NA	NA	NA	3.8991e-03	3.0565e-03	59	109	84	80
NA	NA	1499_1496	NA	NA	NA	3.5417e-02	2.6654e-02	39	161	58	142
NA	NA	2087_2085	NA	NA	NA	1.0000e+00	8.4710e-01	186	14	185	15
NA	NA	1496_1482	NA	NA	NA	3.4547e-01	2.9451e-01	75	125	65	135
NA	NA	2007_2004	NA	NA	NA	1.0000e+00	9.2026e-01	95	105	96	104
NA	NA	1495_1492	NA	NA	NA	4.2462e-01	4.1249e-01	42	83	39	96
NA	NA	1486_1483	NA	NA	NA	7.9982e-01	7.2065e-01	118	7	126	9
NA	NA	1225_1223	NA	NA	NA	7.7176e-01	6.6315e-01	174	26	171	29
NA	NA	1476_1474	NA	NA	NA	1.0000e+00	7.5980e-01	6	194	5	195
NA	NA	1471_1468	NA	NA	NA	1.3489e-01	8.2737e-02	5	195	12	188
NA	NA	3675_3672	NA	NA	NA	8.7998e-01	7.6237e-01	174	26	176	24
NA	NA	1468_1463	NA	NA	NA	1.0337e-01	8.3655e-02	127	73	110	90
NA	NA	3613_3610	NA	NA	NA	3.9026e-01	3.2607e-01	154	46	162	38
NA	NA	1467_1464	NA	NA	NA	8.5509e-01	7.3793e-01	56	17	67	23
NA	NA	1463_1461	NA	NA	NA	7.6422e-01	6.8916e-01	98	102	102	98
NA	NA	1454_1428	NA	NA	NA	4.7955e-01	3.7629e-01	20	180	15	185
NA	NA	1450_1447	NA	NA	NA	1.0000e+00	9.5729e-01	127	53	131	54
NA	NA	1438_1435	NA	NA	NA	4.0886e-01	3.3443e-01	170	10	170	15
NA	NA	364_361	NA	NA	NA	3.3268e-01	2.8175e-01	68	132	58	142
NA	NA	1435_1432	NA	NA	NA	6.2125e-01	4.9184e-01	173	7	175	10
NA	NA	1783_1780	NA	NA	NA	1.5418e-01	1.2692e-01	74	126	89	111
NA	NA	1428_1425	NA	NA	NA	8.3131e-01	7.4925e-01	133	67	136	64
NA	NA	2782_2779	NA	NA	NA	1.6893e-07	1.1476e-07	129	71	76	124
NA	NA	3963_3960	NA	NA	NA	1.0000e+00	8.9219e-01	167	33	168	32
NA	NA	1163_1160	NA	NA	NA	5.3368e-01	4.9967e-01	71	6	74	4
NA	NA	1425_1423	NA	NA	NA	1.0000e+00	7.5980e-01	194	6	195	5
NA	NA	3659_3656	NA	NA	NA	9.0319e-01	8.0768e-01	44	156	42	158
NA	NA	1423_1420	NA	NA	NA	1.3428e-07	2.1873e-07	187	13	149	51
NA	NA	1411_1408	NA	NA	NA	1.0000e+00	9.0952e-01	52	148	53	147
NA	NA	2200_2197	NA	NA	NA	7.5680e-01	7.3200e-01	8	10	10	10
NA	NA	1408_1406	NA	NA	NA	8.8555e-01	7.7320e-01	173	27	171	29
NA	NA	1406_1403	NA	NA	NA	4.1734e-01	3.6150e-01	79	121	88	112
NA	NA	3561_3558	NA	NA	NA	2.9239e-01	2.1447e-01	66	10	77	6
NA	NA	3671_3668	NA	NA	NA	7.1294e-01	6.5695e-01	50	3	47	4
NA	NA	1387_1384	NA	NA	NA	4.6126e-02	3.9790e-02	36	72	46	51
NA	NA	1380_1377	NA	NA	NA	7.5158e-01	6.7288e-01	66	134	70	130
NA	NA	3574_3571	NA	NA	NA	3.2819e-01	2.7132e-01	47	153	38	162
NA	NA	1375_1372	NA	NA	NA	7.5078e-01	5.2184e-01	6	194	4	196
NA	NA	3486_3483	NA	NA	NA	3.7206e-01	3.3117e-01	141	29	156	24
NA	NA	2646_2643	NA	NA	NA	3.6236e-01	2.9780e-01	160	40	168	32
NA	NA	1369_1364	NA	NA	NA	8.3846e-01	7.5970e-01	82	118	79	121
NA	NA	1368_1365	NA	NA	NA	4.3680e-01	4.0926e-01	56	62	51	70
NA	NA	1358_1355	NA	NA	NA	3.6805e-01	3.1721e-01	97	103	107	93
NA	NA	1344_1333	NA	NA	NA	3.1463e-01	2.6868e-01	95	105	84	116
NA	NA	1327_1324	NA	NA	NA	3.6854e-01	2.9401e-01	29	171	22	178
NA	NA	1306_1303	NA	NA	NA	4.8957e-01	4.2375e-01	138	30	129	35
NA	NA	3022_3019	NA	NA	NA	1.3136e-02	9.7850e-03	51	149	75	125
NA	NA	3444_3441	NA	NA	NA	4.8268e-01	3.9646e-01	3	94	5	84
NA	NA	1288_1285	NA	NA	NA	1.0000e+00	1.0000e+00	79	121	79	121
NA	NA	1562_1559	NA	NA	NA	3.3753e-01	2.5899e-01	14	82	19	72
NA	NA	1282_1280	NA	NA	NA	3.0544e-01	2.4894e-01	42	158	33	167
NA	NA	92_89	NA	NA	NA	6.7620e-01	6.0127e-01	164	3	176	2
NA	NA	1280_1278	NA	NA	NA	4.3576e-01	3.7300e-01	52	148	60	140
NA	NA	1821_1818	NA	NA	NA	9.0448e-02	6.1416e-02	46	6	153	7
NA	NA	1234_1231	NA	NA	NA	5.9775e-01	5.2654e-01	65	135	71	129
NA	NA	28_25	NA	NA	NA	1.0769e-01	8.6348e-02	128	72	144	56
NA	NA	1269_1266	NA	NA	NA	1.4889e-01	1.1810e-01	38	162	51	149
NA	NA	514_512	NA	NA	NA	7.5952e-01	6.8309e-01	82	118	78	122
NA	NA	1257_1254	NA	NA	NA	1.6951e-12	4.0400e-12	131	69	187	13
NA	NA	3306_3292	NA	NA	NA	3.0692e-01	2.6107e-01	85	115	74	126
NA	NA	1248_1245	NA	NA	NA	4.8080e-01	4.2034e-01	116	84	108	92
NA	NA	1241_1238	NA	NA	NA	1.0000e+00	9.2556e-01	5	2	11	4
NA	NA	1238_1235	NA	NA	NA	6.3716e-01	6.5499e-01	2	5	3	12
NA	NA	1231_1228	NA	NA	NA	6.1413e-01	5.4509e-01	116	84	110	90
NA	NA	50_48	NA	NA	NA	4.9535e-03	3.6591e-03	108	92	79	121
NA	NA	1228_1225	NA	NA	NA	5.4935e-02	4.2941e-02	125	75	144	56
NA	NA	2096_2093	NA	NA	NA	1.0000e+00	5.6223e-01	1	199	2	198
NA	NA	1217_1214	NA	NA	NA	2.1384e-01	1.6228e-01	19	181	28	172
NA	NA	1383_1380	NA	NA	NA	7.8677e-01	5.8635e-01	6	194	8	192
NA	NA	1205_1202	NA	NA	NA	1.0000e+00	9.0506e-01	154	46	155	45
NA	NA	1202_1199	NA	NA	NA	7.5078e-01	5.2184e-01	194	6	196	4
NA	NA	3183_3180	NA	NA	NA	1.4119e-02	1.0155e-02	167	28	143	47
NA	NA	1199_1196	NA	NA	NA	1.0000e+00	1.0000e+00	30	170	30	170
NA	NA	1196_1191	NA	NA	NA	1.5336e-01	1.2618e-01	127	73	112	88
NA	NA	157_154	NA	NA	NA	8.4870e-01	7.9130e-01	25	25	28	31
NA	NA	1189_1178	NA	NA	NA	1.8244e-12	1.5561e-12	79	121	149	51
NA	NA	2190_2167	NA	NA	NA	1.0000e+00	9.1716e-01	127	73	128	72
NA	NA	1177_1174	NA	NA	NA	2.9868e-01	2.3497e-01	138	31	146	23
NA	NA	3541_3538	NA	NA	NA	3.3462e-01	2.8947e-01	99	10	60	10
NA	NA	1166_1163	NA	NA	NA	7.1630e-01	6.7850e-01	56	21	59	19
